run,type,module,name,attrname,attrvalue,value,vectime,vecvalue
Default-0-20220224-18:59:27-340979,runattr,,,configname,Default,,,
Default-0-20220224-18:59:27-340979,runattr,,,datetime,20220224-18:59:27,,,
Default-0-20220224-18:59:27-340979,runattr,,,experiment,Default,,,
Default-0-20220224-18:59:27-340979,runattr,,,inifile,omnetpp.ini,,,
Default-0-20220224-18:59:27-340979,runattr,,,iterationvars,,,,
Default-0-20220224-18:59:27-340979,runattr,,,iterationvarsf,,,,
Default-0-20220224-18:59:27-340979,runattr,,,measurement,,,,
Default-0-20220224-18:59:27-340979,runattr,,,network,smartjunctionScenario,,,
Default-0-20220224-18:59:27-340979,runattr,,,processid,340979,,,
Default-0-20220224-18:59:27-340979,runattr,,,repetition,0,,,
Default-0-20220224-18:59:27-340979,runattr,,,replication,#0,,,
Default-0-20220224-18:59:27-340979,runattr,,,resultdir,results,,,
Default-0-20220224-18:59:27-340979,runattr,,,runnumber,0,,,
Default-0-20220224-18:59:27-340979,runattr,,,seedset,0,,,
Default-0-20220224-18:59:27-340979,param,,,*.playgroundSizeX,850m,,,
Default-0-20220224-18:59:27-340979,param,,,*.playgroundSizeY,850m,,,
Default-0-20220224-18:59:27-340979,param,,,*.playgroundSizeZ,10m,,,
Default-0-20220224-18:59:27-340979,param,,,*.annotations.draw,true,,,
Default-0-20220224-18:59:27-340979,param,,,*.manager.updateInterval,1s,,,
Default-0-20220224-18:59:27-340979,param,,,*.manager.host,"""localhost""",,,
Default-0-20220224-18:59:27-340979,param,,,*.manager.port,9999,,,
Default-0-20220224-18:59:27-340979,param,,,*.manager.autoShutdown,true,,,
Default-0-20220224-18:59:27-340979,param,,,*.manager.launchConfig,"xmldoc(""smartjunction.launchd.xml"")",,,
Default-0-20220224-18:59:27-340979,param,,,*.rsu[0].mobility.x,215,,,
Default-0-20220224-18:59:27-340979,param,,,*.rsu[0].mobility.y,215,,,
Default-0-20220224-18:59:27-340979,param,,,*.rsu[0].mobility.z,3,,,
Default-0-20220224-18:59:27-340979,param,,,*.rsu[*].applType,"""SmartJunctionRSUApp_stop""",,,
Default-0-20220224-18:59:27-340979,param,,,*.rsu[*].appl.headerLength,80 bit,,,
Default-0-20220224-18:59:27-340979,param,,,*.rsu[*].appl.sendBeacons,true,,,
Default-0-20220224-18:59:27-340979,param,,,*.rsu[*].appl.dataOnSch,false,,,
Default-0-20220224-18:59:27-340979,param,,,*.rsu[*].appl.beaconInterval,15s,,,
Default-0-20220224-18:59:27-340979,param,,,*.rsu[*].appl.beaconUserPriority,7,,,
Default-0-20220224-18:59:27-340979,param,,,*.rsu[*].appl.dataUserPriority,5,,,
Default-0-20220224-18:59:27-340979,param,,,*.rsu[*].nic.phy80211p.antennaOffsetZ,0 m,,,
Default-0-20220224-18:59:27-340979,param,,,*.connectionManager.sendDirect,true,,,
Default-0-20220224-18:59:27-340979,param,,,*.connectionManager.maxInterfDist,2600m,,,
Default-0-20220224-18:59:27-340979,param,,,*.connectionManager.drawMaxIntfDist,false,,,
Default-0-20220224-18:59:27-340979,param,,,*.**.nic.mac1609_4.useServiceChannel,false,,,
Default-0-20220224-18:59:27-340979,param,,,*.**.nic.mac1609_4.txPower,20mW,,,
Default-0-20220224-18:59:27-340979,param,,,*.**.nic.mac1609_4.bitrate,6Mbps,,,
Default-0-20220224-18:59:27-340979,param,,,*.**.nic.phy80211p.minPowerLevel,-110dBm,,,
Default-0-20220224-18:59:27-340979,param,,,*.**.nic.phy80211p.useNoiseFloor,true,,,
Default-0-20220224-18:59:27-340979,param,,,*.**.nic.phy80211p.noiseFloor,-98dBm,,,
Default-0-20220224-18:59:27-340979,param,,,*.**.nic.phy80211p.decider,"xmldoc(""config.xml"")",,,
Default-0-20220224-18:59:27-340979,param,,,*.**.nic.phy80211p.analogueModels,"xmldoc(""config.xml"")",,,
Default-0-20220224-18:59:27-340979,param,,,*.**.nic.phy80211p.usePropagationDelay,true,,,
Default-0-20220224-18:59:27-340979,param,,,*.**.nic.phy80211p.antenna,"xmldoc(""antenna.xml"", ""/root/Antenna[@id='monopole']"")",,,
Default-0-20220224-18:59:27-340979,param,,,*.node[*].nic.phy80211p.antennaOffsetY,0 m,,,
Default-0-20220224-18:59:27-340979,param,,,*.node[*].nic.phy80211p.antennaOffsetZ,1.895 m,,,
Default-0-20220224-18:59:27-340979,param,,,*.node[*].applType,"""SmartJunctionCarApp_stop""",,,
Default-0-20220224-18:59:27-340979,param,,,*.node[*].appl.headerLength,80 bit,,,
Default-0-20220224-18:59:27-340979,param,,,*.node[*].appl.sendBeacons,false,,,
Default-0-20220224-18:59:27-340979,param,,,*.node[*].appl.dataOnSch,false,,,
Default-0-20220224-18:59:27-340979,param,,,*.node[*].appl.beaconInterval,1s,,,
Default-0-20220224-18:59:27-340979,param,,,*.node[*].veinsmobility.x,0,,,
Default-0-20220224-18:59:27-340979,param,,,*.node[*].veinsmobility.y,0,,,
Default-0-20220224-18:59:27-340979,param,,,*.node[*].veinsmobility.z,0,,,
Default-0-20220224-18:59:27-340979,param,,,*.node[*].veinsmobility.setHostSpeed,false,,,
Default-0-20220224-18:59:27-340979,vector,smartjunctionScenario.node[0].veinsmobility,posx,,,,"1 2 3 4 5 6 7 8 9 10 11 12 13 14 15 16 17 18 19 20 21 22 23 24 25 26 27 28 29 30 31 32 33","30.1 31.568838627916 34.732791486057 39.73978433325 46.783553441404 56.064831918827 67.817638896615 81.935373955034 97.245085954057 112.41366946748 127.01200300142 141.26949598397 156.39224751462 170.98839732483 186.4252017963 199.69382386474 209.78281454771 215.37180523067 220.52367705544 228.0751371861 237.64650904782 248.98049432002 261.72240821769 276.56934907701 291.79113058002 306.43468377563 321.40809297525 336.60086250522 351.73450800653 367.20233440082 381.46231263726 396.54879512455 411.05290379262"
Default-0-20220224-18:59:27-340979,vector,smartjunctionScenario.node[0].veinsmobility,posy,,,,"1 2 3 4 5 6 7 8 9 10 11 12 13 14 15 16 17 18 19 20 21 22 23 24 25 26 27 28 29 30 31 32 33","226.6 226.6 226.6 226.6 226.6 226.6 226.6 226.6 226.6 226.6 226.6 226.6 226.6 226.6 226.6 226.6 226.6 226.6 226.6 226.6 226.6 226.6 226.6 226.6 226.6 226.6 226.6 226.6 226.6 226.6 226.6 226.6 226.6"
Default-0-20220224-18:59:27-340979,vector,smartjunctionScenario.node[1].veinsmobility,posx,,,,"1 2 3 4 5 6 7 8 9 10 11 12 13 14 15 16 17 18 19 20 21 22 23 24 25 26 27 28 29 30 31 32","226.6 226.6 226.6 226.6 226.6 226.6 226.6 226.6 226.6 226.6 226.6 226.6 226.6 226.6 226.6 226.6 226.6 226.6 226.6 226.6 226.6 226.6 226.6 226.6 226.6 226.6 226.6 226.6 226.6 226.6 226.6 226.6"
Default-0-20220224-18:59:27-340979,vector,smartjunctionScenario.node[1].veinsmobility,posy,,,,"1 2 3 4 5 6 7 8 9 10 11 12 13 14 15 16 17 18 19 20 21 22 23 24 25 26 27 28 29 30 31 32","419.9 417.36334234003 413.26573811129 406.94397644096 398.9060095981 389.20529901062 376.95158040731 363.62665438122 349.97162456259 335.61347841799 322.25151784087 308.4540831742 295.04571369 281.65073683119 268.32946808679 254.92645333397 241.602409968 227.84834084236 213.29982254758 198.78794803075 184.48043634157 170.93256223879 156.9209457812 142.47945596536 128.46087110482 114.58095811606 100.61442484673 86.637153738394 72.476003524144 58.793479282813 44.532407738894 30.290341954385"
Default-0-20220224-18:59:27-340979,vector,smartjunctionScenario.node[0].veinsmobility,speed,,,,"2 3 4 5 6 7 8 9 10 11 12 13 14 15 16 17 18 19 20 21 22 23 24 25 26 27 28 29 30 31 32 33","1.4688386279158 3.1639528581407 5.006992847193 7.0437691081548 9.2812784774229 11.752806977788 14.117735058418 15.309711999024 15.16858351342 14.698333533943 14.257492982546 15.122751530652 14.596149810214 15.436804471464 13.268622068444 10.088990682965 5.5889906829653 5.1518718247633 7.5514601306622 9.57137186172 11.333985272199 12.74191389767 14.846940859324 15.22178150301 14.643553195611 14.973409199618 15.29276952997 15.13364550131 15.467826394291 14.259978236441 15.08648248729 14.504108668069"
Default-0-20220224-18:59:27-340979,vector,smartjunctionScenario.node[1].veinsmobility,speed,,,,"2 3 4 5 6 7 8 9 10 11 12 13 14 15 16 17 18 19 20 21 22 23 24 25 26 27 28 29 30 31 32","2.5366576599656 4.0976042287424 6.3217616703361 8.0379668428563 9.7007105874829 12.253718603309 13.324926026083 13.655029818636 14.3581461446 13.461960577114 13.79743466667 13.408369484205 13.394976858805 13.321268744405 13.403014752815 13.324043365975 13.75406912564 14.548518294782 14.511874516831 14.307511689175 13.547874102776 14.01161645759 14.441489815839 14.018584860546 13.979912988759 13.966533269325 13.97727110834 14.16115021425 13.682524241332 14.261071543919 14.242065784509"
Default-0-20220224-18:59:27-340979,vector,smartjunctionScenario.node[2].veinsmobility,posx,,,,"6 7 8 9 10 11 12 13 14 15 16 17 18 19 20 21 22 23 24 25 26 27 28 29 30 31 32 33 34 35 36 37 38 39 40 41 42 43 44 45","30.1 32.458315390651 36.882200612826 43.753497617459 52.334335251944 62.946278503002 75.930473784148 89.88354591841 103.20000821728 116.27564356012 130.45738839608 144.47739463216 158.31411508534 171.65841552105 184.94117407202 197.95187534966 208.41798367753 214.8972407703 217.52149204798 217.66492024745 217.69353839103 217.69799939295 219.37991335983 222.69976272788 227.48420879155 234.52634533117 243.33250146975 253.48726745103 265.32369471183 278.84969636882 291.95017848939 305.35062597095 319.62604120673 333.25984429655 346.28300700749 359.74875037379 373.78422898475 387.91233053814 401.03753831276 415.25440196079"
Default-0-20220224-18:59:27-340979,vector,smartjunctionScenario.node[2].veinsmobility,posy,,,,"6 7 8 9 10 11 12 13 14 15 16 17 18 19 20 21 22 23 24 25 26 27 28 29 30 31 32 33 34 35 36 37 38 39 40 41 42 43 44 45","226.6 226.6 226.6 226.6 226.6 226.6 226.6 226.6 226.6 226.6 226.6 226.6 226.6 226.6 226.6 226.6 226.6 226.6 226.6 226.6 226.6 226.6 226.6 226.6 226.6 226.6 226.6 226.6 226.6 226.6 226.6 226.6 226.6 226.6 226.6 226.6 226.6 226.6 226.6 226.6"
Default-0-20220224-18:59:27-340979,vector,smartjunctionScenario.node[3].veinsmobility,posx,,,,"6 7 8 9 10 11 12 13 14 15 16 17 18 19 20 21 22 23 24 25 26 27 28 29 30 31 32 33 34 35 36 37","226.6 226.6 226.6 226.6 226.6 226.6 226.6 226.6 226.6 226.6 226.6 226.6 226.6 226.6 226.6 226.6 226.6 226.6 226.6 226.6 226.6 226.6 226.6 226.6 226.6 226.6 226.6 226.6 226.6 226.6 226.6 226.6"
Default-0-20220224-18:59:27-340979,vector,smartjunctionScenario.node[3].veinsmobility,posy,,,,"6 7 8 9 10 11 12 13 14 15 16 17 18 19 20 21 22 23 24 25 26 27 28 29 30 31 32 33 34 35 36 37","419.9 417.32810112294 412.42390184244 404.98570780351 395.34046722157 383.95831002358 370.41859204017 357.38769797003 343.51223069855 330.01144112485 316.1370229643 303.09505941671 289.03916361035 275.76907353784 262.56580612225 249.6988410027 236.088573956 222.66008592232 209.03133299153 195.75154121604 181.66704705459 167.69648687394 154.81094070171 141.6978501835 128.03671031344 114.565000201 100.8230998626 87.782952854108 74.585309423901 60.627507784354 47.339323918609 33.596595911278"
Default-0-20220224-18:59:27-340979,vector,smartjunctionScenario.node[2].veinsmobility,speed,,,,"7 8 9 10 11 12 13 14 15 16 17 18 19 20 21 22 23 24 25 26 27 28 29 30 31 32 33 34 35 36 37 38 39 40 41 42 43 44 45","2.3583153906511 4.4238852221752 6.8712970046327 8.5808376344852 10.611943251058 12.984195281146 13.953072134262 13.316462298875 13.075635342832 14.281744835964 14.020006236081 13.836720453176 13.344300435712 13.282758550971 13.010701277639 10.466108327875 6.4792570927686 2.6242512776789 0.14342819946991 0.028618143580106 0.0044610019166873 1.681913966881 3.3198493680543 4.7844460636702 7.0421365396212 8.8061561385727 10.154765981282 11.836427260805 13.526001656983 13.100482120571 13.400447481564 14.275415235777 13.733803089821 13.023162710942 13.465743366299 14.035478610961 14.128101553392 13.125207774617 14.216863648031"
Default-0-20220224-18:59:27-340979,vector,smartjunctionScenario.node[3].veinsmobility,speed,,,,"7 8 9 10 11 12 13 14 15 16 17 18 19 20 21 22 23 24 25 26 27 28 29 30 31 32 33 34 35 36 37","2.5718988770619 4.9041992804967 7.4381940389285 9.6452405819437 11.38215719799 13.539717983408 13.030894070144 13.875467271476 13.500789573698 13.974418160554 13.041963547587 14.055895806362 13.270090072511 13.203267415592 12.866965119543 13.610267046701 13.428488033686 13.62875293079 13.279791775488 14.084494161445 13.970560180654 12.885546172226 13.113090518212 13.661139870065 13.571710112437 13.741900338398 13.040147008493 13.197643430207 13.957801639547 13.288183865745 13.742728007331"
Default-0-20220224-18:59:27-340979,vector,smartjunctionScenario.node[4].veinsmobility,posx,,,,"11 12 13 14 15 16 17 18 19 20 21 22 23 24 25 26 27 28 29 30 31 32 33 34 35 36 37 38 39 40 41 42 43 44 45 46 47 48 49","30.1 31.976901870524 35.976599328802 42.053221346671 50.582890446554 61.131419450534 72.706413934357 84.44408158525 95.920312499768 107.32968043285 119.12551807121 130.89453281609 142.35671040598 154.26620993775 165.80477191415 178.04488766333 189.44748824945 200.34109520755 207.18838571882 212.48308197303 216.98382833211 223.45461435285 232.41303581561 243.25662995645 254.23386977474 266.19481061527 277.69992416632 289.43774313473 301.52715461711 313.56354880128 325.02268772452 336.84080491739 348.82095227398 359.89397528431 370.94346227011 382.12254964903 393.6824706449 405.80316235284 417.9534588245"
Default-0-20220224-18:59:27-340979,vector,smartjunctionScenario.node[4].veinsmobility,posy,,,,"11 12 13 14 15 16 17 18 19 20 21 22 23 24 25 26 27 28 29 30 31 32 33 34 35 36 37 38 39 40 41 42 43 44 45 46 47 48 49","226.6 226.6 226.6 226.6 226.6 226.6 226.6 226.6 226.6 226.6 226.6 226.6 226.6 226.6 226.6 226.6 226.6 226.6 226.6 226.6 226.6 226.6 226.6 226.6 226.6 226.6 226.6 226.6 226.6 226.6 226.6 226.6 226.6 226.6 226.6 226.6 226.6 226.6 226.6"
Default-0-20220224-18:59:27-340979,vector,smartjunctionScenario.node[5].veinsmobility,posx,,,,"11 12 13 14 15 16 17 18 19 20 21 22 23 24 25 26 27 28 29 30 31 32 33 34 35 36 37 38 39 40","226.6 226.6 226.6 226.6 226.6 226.6 226.6 226.6 226.6 226.6 226.6 226.6 226.6 226.6 226.6 226.6 226.6 226.6 226.6 226.6 226.6 226.6 226.6 226.6 226.6 226.6 226.6 226.6 226.6 226.6"
Default-0-20220224-18:59:27-340979,vector,smartjunctionScenario.node[5].veinsmobility,posy,,,,"11 12 13 14 15 16 17 18 19 20 21 22 23 24 25 26 27 28 29 30 31 32 33 34 35 36 37 38 39 40","419.9 417.70054870686 413.65976607988 407.1094256982 399.08671115262 388.63720927883 376.59067020935 362.43200139359 346.93128904612 332.13424447548 316.54673809178 301.36730284103 285.36666756415 270.16784386468 255.2077296403 239.4055743194 224.41293430168 209.0112106713 193.51159676862 177.78644855501 161.9792428482 146.97751087361 131.46262228655 116.48503135222 101.10268202482 85.834833679579 70.147629960575 55.222805479231 40.05130689334 25.290488832291"
Default-0-20220224-18:59:27-340979,vector,smartjunctionScenario.node[4].veinsmobility,speed,,,,"12 13 14 15 16 17 18 19 20 21 22 23 24 25 26 27 28 29 30 31 32 33 34 35 36 37 38 39 40 41 42 43 44 45 46 47 48 49","1.8769018705236 3.9996974582784 6.0766220178688 8.5296690998832 10.54852900398 11.574994483823 11.737667650893 11.476230914519 11.409367933078 11.795837638365 11.86901474488 11.462177589885 11.909499531775 11.538561976399 12.240115749184 11.402600586112 10.893606958106 6.8472905112692 5.2946962542077 4.5007463590774 6.4707860207484 8.9584214627576 10.843594140833 10.977239818289 11.960940840538 11.505113551044 11.737818968413 12.089411482378 12.036394184176 11.559138923232 11.818117192877 11.980147356587 11.073023010325 11.049486985803 11.179087378923 11.559920995869 12.12069170794 12.150296471664"
Default-0-20220224-18:59:27-340979,vector,smartjunctionScenario.node[5].veinsmobility,speed,,,,"12 13 14 15 16 17 18 19 20 21 22 23 24 25 26 27 28 29 30 31 32 33 34 35 36 37 38 39 40","2.1994512931444 4.0407826269744 6.5503403816838 8.0227145455778 10.449501873786 12.046539069479 14.158668815764 15.500712347476 14.79704457063 15.687506383707 15.179435250748 16.000635276877 15.198823699474 14.960114224374 15.802155320908 14.992640017721 15.40172363038 15.499613902674 15.725148213611 15.807205706814 15.001731974588 15.514888587061 15.07759093433 15.382349327396 15.267848345244 15.687203719004 14.924824481344 15.171498585891 14.760818061049"
Default-0-20220224-18:59:27-340979,vector,smartjunctionScenario.node[6].veinsmobility,posx,,,,"16 17 18 19 20 21 22 23 24 25 26 27 28 29 30 31 32 33 34 35 36 37 38 39 40 41 42 43 44 45 46 47 48 49 50 51 52 53 54 55 56 57 58 59 60 61 62 63 64 65 66 67 68 69","30.1 31.938921348541 36.167262067669 42.318668359332 50.646208185982 60.664805901423 72.807090708124 84.851486993591 97.357424316971 109.81765448577 122.45137506932 134.18625506058 146.14775305578 158.58508613359 171.39528738287 183.65362199691 196.03335839371 207.05969013817 213.58602188262 217.10753381983 217.5962376406 217.67010147526 217.68917105023 217.69730527906 217.69820142559 217.69861930755 217.69895666135 217.69895666135 217.69895666135 217.69895666135 217.69895666135 217.69895666135 217.69895666135 217.69895666135 217.69895666135 219.3411797803 222.88954169395 228.09722126255 235.88595337968 245.95078921158 257.94199579599 269.80708244889 281.94185395786 294.9791780539 306.89685602097 319.9119247675 332.68910528267 345.32367718716 357.71451899073 369.97707356645 382.79067168379 395.36443510072 408.43897505019 421.31808641513"
Default-0-20220224-18:59:27-340979,vector,smartjunctionScenario.node[6].veinsmobility,posy,,,,"16 17 18 19 20 21 22 23 24 25 26 27 28 29 30 31 32 33 34 35 36 37 38 39 40 41 42 43 44 45 46 47 48 49 50 51 52 53 54 55 56 57 58 59 60 61 62 63 64 65 66 67 68 69","226.6 226.6 226.6 226.6 226.6 226.6 226.6 226.6 226.6 226.6 226.6 226.6 226.6 226.6 226.6 226.6 226.6 226.6 226.6 226.6 226.6 226.6 226.6 226.6 226.6 226.6 226.6 226.6 226.6 226.6 226.6 226.6 226.6 226.6 226.6 226.6 226.6 226.6 226.6 226.6 226.6 226.6 226.6 226.6 226.6 226.6 226.6 226.6 226.6 226.6 226.6 226.6 226.6 226.6"
Default-0-20220224-18:59:27-340979,vector,smartjunctionScenario.node[7].veinsmobility,posx,,,,"16 17 18 19 20 21 22 23 24 25 26 27 28 29 30 31 32 33 34 35 36 37 38 39 40 41 42 43 44 45 46 47 48 49 50 51 52 53 54 55 56 57","226.6 226.6 226.6 226.6 226.6 226.6 226.6 226.6 226.6 226.6 226.6 226.6 226.6 226.6 226.6 226.6 226.6 226.6 226.6 226.6 226.6 226.6 226.6 226.6 226.6 226.6 226.6 226.6 226.6 226.6 226.6 226.6 226.6 226.6 226.6 226.6 226.6 226.6 226.6 226.6 226.6 226.6"
Default-0-20220224-18:59:27-340979,vector,smartjunctionScenario.node[7].veinsmobility,posy,,,,"16 17 18 19 20 21 22 23 24 25 26 27 28 29 30 31 32 33 34 35 36 37 38 39 40 41 42 43 44 45 46 47 48 49 50 51 52 53 54 55 56 57","419.9 417.53156205821 413.20783253524 407.40691254779 399.99261955104 391.23995721312 381.37873387843 371.41002370703 361.17037702641 351.29320807418 341.81366920822 332.40004282033 323.06912574203 312.80510682512 303.20434142438 293.52049889589 283.85831619464 273.86088996807 264.36892274506 254.16107398663 244.72153788417 234.10528991154 224.23539665586 214.26623589437 203.66565244959 194.01949867909 184.24448305579 174.75663218926 164.93034836918 155.36270879883 145.81914328882 135.55430138058 125.48536310351 115.14713404854 105.54423717972 94.985749752279 85.554097266406 75.214027808549 64.990726062792 54.875733409548 45.54304546664 35.371398175577"
Default-0-20220224-18:59:27-340979,vector,smartjunctionScenario.node[6].veinsmobility,speed,,,,"17 18 19 20 21 22 23 24 25 26 27 28 29 30 31 32 33 34 35 36 37 38 39 40 41 42 43 44 45 46 47 48 49 50 51 52 53 54 55 56 57 58 59 60 61 62 63 64 65 66 67 68 69","1.838921348541 4.228340719128 6.1514062916627 8.3275398266502 10.018597715441 12.142284806701 12.044396285466 12.50593732338 12.460230168803 12.633720583548 11.834879991259 11.961497995197 12.437333077808 12.810201249281 12.258334614044 12.379736396797 11.026331744458 6.526331744458 3.5215119372107 0.48870382076259 0.073863834659604 0.019069574976836 0.0081342288283127 0.00089614652370445 0.00041788195992831 0.00033735380560748 0 0 0 0 0 0 0 0 1.6422231189441 3.5483619136503 5.2076795686036 7.7887321171351 10.064835831895 11.991206584405 11.865086652907 12.134771508966 13.037324096039 11.917677967074 13.015068746531 12.87718051517 12.634571904489 12.39084180357 12.262554575722 12.813598117335 12.573763416927 13.074539949475 12.879111364936"
Default-0-20220224-18:59:27-340979,vector,smartjunctionScenario.node[7].veinsmobility,speed,,,,"17 18 19 20 21 22 23 24 25 26 27 28 29 30 31 32 33 34 35 36 37 38 39 40 41 42 43 44 45 46 47 48 49 50 51 52 53 54 55 56 57","2.3684379417915 4.3237295229686 5.8009199874476 7.4142929967493 8.7526623379206 9.8612233346943 9.9687101713996 10.239646680621 9.8771689522229 9.4795388659611 9.4136263878932 9.4309170782948 10.264018916912 9.600765400744 9.6838425284866 9.6621827012543 9.9974262265638 9.4919672230175 10.207848758428 9.439536102457 10.616247972628 9.8698932556817 9.9691607614895 10.600583444783 9.6461537704952 9.7750156233003 9.4878508665282 9.8262838200815 9.5676395703489 9.5435655100187 10.264841908231 10.068938277071 10.438229054973 9.602896868825 10.558487427436 9.4316524858736 10.340069457857 10.223301745757 10.114992653244 9.3326879429082 10.171647291063"
Default-0-20220224-18:59:27-340979,vector,smartjunctionScenario.node[8].veinsmobility,posx,,,,"21 22 23 24 25 26 27 28 29 30 31 32 33 34 35 36 37 38 39 40 41 42 43 44 45 46 47 48 49 50 51 52 53 54 55 56 57 58 59 60 61 62 63 64 65 66 67 68 69 70 71 72","30.1 31.520732995635 35.207902688347 41.194103232631 48.554083252326 57.893254090194 69.011119427392 81.624405351724 95.861739297515 109.71644261314 123.76309817727 137.47343953227 151.410172138 164.89075070045 178.43719773072 192.58171539121 202.2262330517 207.9973576455 209.2684822393 209.76937355943 210.06571973377 210.19043458325 210.19492067805 210.19714502025 210.1977538822 210.19789383056 210.19789383056 210.19789383056 210.19789383056 210.19789383056 210.19789383056 211.60229903458 214.23277905985 217.13160754813 217.53987732472 219.98723433857 224.57896959768 230.57633373992 239.12954446309 249.59545276882 262.36048711348 276.62375696199 290.61797391575 305.18195418954 319.00618485665 333.51602082393 347.98098050874 361.68431815823 375.03661336078 389.59732854363 403.85255151793 417.26789179108"
Default-0-20220224-18:59:27-340979,vector,smartjunctionScenario.node[8].veinsmobility,posy,,,,"21 22 23 24 25 26 27 28 29 30 31 32 33 34 35 36 37 38 39 40 41 42 43 44 45 46 47 48 49 50 51 52 53 54 55 56 57 58 59 60 61 62 63 64 65 66 67 68 69 70 71 72","226.6 226.6 226.6 226.6 226.6 226.6 226.6 226.6 226.6 226.6 226.6 226.6 226.6 226.6 226.6 226.6 226.6 226.6 226.6 226.6 226.6 226.6 226.6 226.6 226.6 226.6 226.6 226.6 226.6 226.6 226.6 226.6 226.6 226.6 226.6 226.6 226.6 226.6 226.6 226.6 226.6 226.6 226.6 226.6 226.6 226.6 226.6 226.6 226.6 226.6 226.6 226.6"
Default-0-20220224-18:59:27-340979,vector,smartjunctionScenario.node[9].veinsmobility,posx,,,,"21 22 23 24 25 26 27 28 29 30 31 32 33 34 35 36 37 38 39 40 41 42 43 44 45 46 47 48 49 50 51 52 53 54 55 56 57 58 59","226.6 226.6 226.6 226.6 226.6 226.6 226.6 226.6 226.6 226.6 226.6 226.6 226.6 226.6 226.6 226.6 226.6 226.6 226.6 226.6 226.6 226.6 226.6 226.6 226.6 226.6 226.6 226.6 226.6 226.6 226.6 226.6 226.6 226.6 226.6 226.6 226.6 226.6 226.6"
Default-0-20220224-18:59:27-340979,vector,smartjunctionScenario.node[9].veinsmobility,posy,,,,"21 22 23 24 25 26 27 28 29 30 31 32 33 34 35 36 37 38 39 40 41 42 43 44 45 46 47 48 49 50 51 52 53 54 55 56 57 58 59","419.9 418.2870933153 414.57371167131 408.79166385734 401.33698459174 391.63417602801 380.44170119343 367.02981123473 351.32029239719 335.38179736683 321.22302445745 309.05119228136 297.81787104432 286.67541156245 275.45993407359 264.20711672979 254.89589795398 243.69951364241 233.46312695951 224.03330262139 213.32186888859 204.06075160922 194.57712016378 184.64931541839 174.53359681577 165.48088999381 156.09169749136 145.27030795029 134.99324100551 124.39969701083 114.46162020698 104.6895093729 95.688715863465 85.397476764416 74.521671313546 63.763908289472 54.257930578918 44.381492812415 32.41759085629"
Default-0-20220224-18:59:27-340979,vector,smartjunctionScenario.node[8].veinsmobility,speed,,,,"22 23 24 25 26 27 28 29 30 31 32 33 34 35 36 37 38 39 40 41 42 43 44 45 46 47 48 49 50 51 52 53 54 55 56 57 58 59 60 61 62 63 64 65 66 67 68 69 70 71 72","1.4207329956349 3.6871696927119 5.9862005442847 7.3599800196942 9.339170837868 11.117865337199 12.613285924331 14.237333945791 13.854703315628 14.046655564128 13.810341354996 13.936732605729 13.480578562455 13.54644703027 14.144517660489 9.644517660489 5.7711245937989 1.2711245937989 0.50089132013878 0.29634617433209 0.12471484947975 0.0044860948015549 0.0022243422041592 0.0006088619490076 0.00013994835728899 0 0 0 0 0 1.4044052040236 2.6304800252629 2.8988284882798 0.40826977659718 2.4473570138519 4.5917352591013 5.9973641422415 8.5532107231743 10.465908305727 12.76503434466 14.263269848517 13.994216953754 14.563980273787 13.824230667112 14.609835967283 14.464959684807 13.70333764949 13.352295202553 14.560715182848 14.2552229743 13.415340273153"
Default-0-20220224-18:59:27-340979,vector,smartjunctionScenario.node[9].veinsmobility,speed,,,,"22 23 24 25 26 27 28 29 30 31 32 33 34 35 36 37 38 39 40 41 42 43 44 45 46 47 48 49 50 51 52 53 54 55 56 57 58 59","1.6129066847032 3.7133816439891 5.7820478139678 7.454679265595 9.7028085637372 11.192474834574 13.411889958708 15.709518837533 15.938495030361 14.258772909382 12.17183217609 11.233321237035 11.142459481871 11.215477488861 11.252817343798 9.3112187758177 11.196384311564 10.236386682907 9.4298243381206 10.711433732794 9.2611172793674 9.4836314454419 9.9278047453957 10.115718602619 9.0527068219565 9.3891925024507 10.82138954107 10.277066944781 10.693543994678 9.9380768038503 9.7721108340822 9.000793509434 10.291239099049 10.87580545087 10.757763024074 9.5059777105536 9.876437766503 11.963901956126"
Default-0-20220224-18:59:27-340979,vector,smartjunctionScenario.node[10].veinsmobility,posx,,,,"26 27 28 29 30 31 32 33 34 35 36 37 38 39 40 41 42 43 44 45 46 47 48 49 50 51 52 53 54 55 56 57 58 59 60 61 62 63 64 65 66 67 68 69 70 71 72 73 74","30.1 32.03148216533 35.8361950716 42.196123283985 50.220142457448 60.296857022797 72.405555928173 86.748043849017 101.21037451686 115.97256586508 130.91236379606 145.87905853858 160.25019002 174.65277129216 187.34655591138 195.60517651972 200.70310669497 202.33024230592 202.68110887134 202.69323573516 202.69633659766 202.69680517535 202.69680517535 202.69680517535 202.69680517535 202.69680517535 202.69680517535 203.84916060078 205.98632131008 209.01546754451 209.5887872865 212.44536388581 216.92306875121 222.22192444077 228.94985081678 237.89370931316 248.14511601569 260.69078806736 275.52577784268 289.88601030232 304.6238499075 320.21606723611 335.06057807003 349.53810899462 363.8021594763 378.62126357412 393.15047124245 407.03924490863 422.14254750896"
Default-0-20220224-18:59:27-340979,vector,smartjunctionScenario.node[10].veinsmobility,posy,,,,"26 27 28 29 30 31 32 33 34 35 36 37 38 39 40 41 42 43 44 45 46 47 48 49 50 51 52 53 54 55 56 57 58 59 60 61 62 63 64 65 66 67 68 69 70 71 72 73 74","226.6 226.6 226.6 226.6 226.6 226.6 226.6 226.6 226.6 226.6 226.6 226.6 226.6 226.6 226.6 226.6 226.6 226.6 226.6 226.6 226.6 226.6 226.6 226.6 226.6 226.6 226.6 226.6 226.6 226.6 226.6 226.6 226.6 226.6 226.6 226.6 226.6 226.6 226.6 226.6 226.6 226.6 226.6 226.6 226.6 226.6 226.6 226.6 226.6"
Default-0-20220224-18:59:27-340979,vector,smartjunctionScenario.node[11].veinsmobility,posx,,,,"26 27 28 29 30 31 32 33 34 35 36 37 38 39 40 41 42 43 44 45 46 47 48 49 50 51 52 53 54 55 56 57 58 59 60 61","226.6 226.6 226.6 226.6 226.6 226.6 226.6 226.6 226.6 226.6 226.6 226.6 226.6 226.6 226.6 226.6 226.6 226.6 226.6 226.6 226.6 226.6 226.6 226.6 226.6 226.6 226.6 226.6 226.6 226.6 226.6 226.6 226.6 226.6 226.6 226.6"
Default-0-20220224-18:59:27-340979,vector,smartjunctionScenario.node[11].veinsmobility,posy,,,,"26 27 28 29 30 31 32 33 34 35 36 37 38 39 40 41 42 43 44 45 46 47 48 49 50 51 52 53 54 55 56 57 58 59 60 61","419.9 418.5440389615 415.57706081858 410.68175177246 403.40462922514 393.91580665419 382.80309612593 370.1763806544 357.83728291032 344.92124139665 332.31542740952 320.3333604921 307.82248934004 295.04840312886 282.26956860807 270.37652848435 258.53202433826 246.6129025742 233.72554931304 221.18727365992 208.06932683793 196.0289933595 183.41562365521 171.21700715918 158.70355188982 146.69570897159 134.00171373152 121.51372952544 110.69097867765 99.198407728291 87.19773478904 75.643348838956 65.348418303734 55.268725230086 43.028725656586 29.915321193893"
Default-0-20220224-18:59:27-340979,vector,smartjunctionScenario.node[10].veinsmobility,speed,,,,"27 28 29 30 31 32 33 34 35 36 37 38 39 40 41 42 43 44 45 46 47 48 49 50 51 52 53 54 55 56 57 58 59 60 61 62 63 64 65 66 67 68 69 70 71 72 73 74","1.9314821653301 3.8047129062703 6.3599282123847 8.0240191734629 10.076714565349 12.108698905376 14.342487920844 14.462330667841 14.762191348224 15.039797930982 14.966694742514 14.37113148142 14.402581272161 12.693784619219 8.2586206083406 5.0979301752569 1.6271356109426 0.35086656542262 0.012126863818892 0.0031008625019445 0.00046857768852496 0 0 0 0 0 1.1523554254312 2.1371607092975 3.0291462344292 0.57331974199004 2.8565765993115 4.4777048653993 5.2988556895592 6.727926376015 8.9438584963745 10.251406702534 12.545672051674 14.834989775317 14.360232459641 14.737839605174 15.592217328612 14.944510833922 14.477530924587 14.264050481683 14.819104097817 14.529207668333 13.88877366618 15.103302600331"
Default-0-20220224-18:59:27-340979,vector,smartjunctionScenario.node[11].veinsmobility,speed,,,,"27 28 29 30 31 32 33 34 35 36 37 38 39 40 41 42 43 44 45 46 47 48 49 50 51 52 53 54 55 56 57 58 59 60 61","1.3559610384982 2.9669781429227 4.8953090461204 7.2771225473145 9.4888225709554 11.112710528262 12.626715471523 12.339097744084 12.916041513669 12.605813987131 12.082066917417 12.510871152065 12.774086211177 12.77883452079 11.893040123719 11.844504146089 11.919121764062 12.887353261162 12.538275653121 13.117946821984 12.04033347843 12.613369704291 12.198616496029 12.513455269367 12.007842918227 12.693995240072 12.587984206082 10.822750847791 11.492570949354 12.000672939252 11.554385950084 10.294930535222 10.079693073648 12.2399995735 13.113404462693"
Default-0-20220224-18:59:27-340979,vector,smartjunctionScenario.node[12].veinsmobility,posx,,,,"31 32 33 34 35 36 37 38 39 40 41 42 43 44 45 46 47 48 49 50 51 52 53 54 55 56 57 58 59 60 61 62 63 64 65 66 67 68 69 70 71 72 73 74 75 76 77 78","30.1 31.659842715086 35.625407746667 41.891094044526 49.965791699709 59.987410598807 72.232283856068 84.492720697472 96.709707515967 108.68484003341 120.55199139682 132.32519011237 144.17170541194 156.13056944812 167.96914468101 179.79304774521 188.9042600972 194.11408492314 194.87940969295 195.13106132177 195.1683050358 195.19510805837 195.19556136266 195.90276662313 198.03238969054 200.91232769043 202.06564237496 204.36982996954 208.57434916722 213.84494038375 220.04056536409 228.79274248538 239.47018973116 251.28253330024 263.2710964397 275.98520362262 288.5085855415 301.08022111672 313.30192628498 324.95378015446 337.15538779329 349.73173488164 361.87157599786 374.12223521964 386.4075258549 399.00120935405 411.90671116083 424.61111670798"
Default-0-20220224-18:59:27-340979,vector,smartjunctionScenario.node[12].veinsmobility,posy,,,,"31 32 33 34 35 36 37 38 39 40 41 42 43 44 45 46 47 48 49 50 51 52 53 54 55 56 57 58 59 60 61 62 63 64 65 66 67 68 69 70 71 72 73 74 75 76 77 78","226.6 226.6 226.6 226.6 226.6 226.6 226.6 226.6 226.6 226.6 226.6 226.6 226.6 226.6 226.6 226.6 226.6 226.6 226.6 226.6 226.6 226.6 226.6 226.6 226.6 226.6 226.6 226.6 226.6 226.6 226.6 226.6 226.6 226.6 226.6 226.6 226.6 226.6 226.6 226.6 226.6 226.6 226.6 226.6 226.6 226.6 226.6 226.6"
Default-0-20220224-18:59:27-340979,vector,smartjunctionScenario.node[13].veinsmobility,posx,,,,"31 32 33 34 35 36 37 38 39 40 41 42 43 44 45 46 47 48 49 50 51 52 53 54 55 56 57 58 59 60 61 62 63 64","226.6 226.6 226.6 226.6 226.6 226.6 226.6 226.6 226.6 226.6 226.6 226.6 226.6 226.6 226.6 226.6 226.6 226.6 226.6 226.6 226.6 226.6 226.6 226.6 226.6 226.6 226.6 226.6 226.6 226.6 226.6 226.6 226.6 226.6"
Default-0-20220224-18:59:27-340979,vector,smartjunctionScenario.node[13].veinsmobility,posy,,,,"31 32 33 34 35 36 37 38 39 40 41 42 43 44 45 46 47 48 49 50 51 52 53 54 55 56 57 58 59 60 61 62 63 64","419.9 417.66912596086 413.26362827392 406.85631302418 398.55667663785 387.93966137592 375.76247494135 363.00511799223 350.40715179264 337.05288341314 324.25010880446 311.27825499166 297.80862294314 285.10790372808 272.04595235029 258.92545130314 246.0440335646 232.67085315958 220.10526221552 206.57719388151 193.59871217815 180.39791370046 167.91935763095 154.77320280381 141.17670394822 128.77216931729 116.3625703223 103.76546527832 90.154262715708 77.006646276384 64.299094310393 50.968400865515 38.40349290428 25.976934889797"
Default-0-20220224-18:59:27-340979,vector,smartjunctionScenario.node[12].veinsmobility,speed,,,,"32 33 34 35 36 37 38 39 40 41 42 43 44 45 46 47 48 49 50 51 52 53 54 55 56 57 58 59 60 61 62 63 64 65 66 67 68 69 70 71 72 73 74 75 76 77 78","1.5598427150864 3.9655650315806 6.2656862978591 8.0746976551833 10.021618899098 12.244873257261 12.260436841404 12.216986818496 11.975132517447 11.867151363404 11.873198715551 11.846515299567 11.95886403618 11.838575232891 11.823903064198 9.1112123519991 5.2098248259331 0.76532476981415 0.25165162881856 0.037243714027595 0.026803022567751 0.00045330429131783 0.70720526047012 2.1296230674165 2.879937999882 1.1533146845342 2.3041875945845 4.2045191976743 5.2705912165315 6.1956249803384 8.7521771212886 10.677447245785 11.812343569077 11.988563139458 12.714107182925 12.523381918879 12.571635575221 12.221705168253 11.651853869483 12.301607638831 12.576347088349 12.13984111622 12.250659221784 12.285290635261 12.593683499145 12.905501806783 12.704405547144"
Default-0-20220224-18:59:27-340979,vector,smartjunctionScenario.node[13].veinsmobility,speed,,,,"32 33 34 35 36 37 38 39 40 41 42 43 44 45 46 47 48 49 50 51 52 53 54 55 56 57 58 59 60 61 62 63 64","2.2308740391396 4.4054976869375 6.4073152497411 8.2996363863349 10.617015261925 12.177186434576 12.757356949116 12.59796619959 13.354268379498 12.902774608683 12.971853812796 13.469632048521 12.700719215058 13.06195137779 13.120501047152 12.881417738542 13.373180405016 12.56559094406 13.528068334016 12.978481703357 13.200798477687 12.478556069511 13.146154827148 13.596498855588 12.404534630932 12.509598994989 12.597105043976 13.611202562612 13.147616439325 12.707551965991 13.330693444878 12.564907961234 12.426558014483"
Default-0-20220224-18:59:27-340979,vector,smartjunctionScenario.node[14].veinsmobility,posx,,,,"36 37 38 39 40 41 42 43 44 45 46 47 48 49 50 51 52 53 54 55 56 57 58 59 60 61 62 63 64 65 66 67 68 69 70 71 72 73 74 75 76 77 78 79","30.1 31.764184327819 35.228153661103 40.126314336294 46.822750640986 55.921690080198 66.44596857815 78.957455159142 92.127065464181 105.87686614206 119.45820997875 132.78673017594 146.31106050579 160.00108695916 173.38236780739 182.26364865561 186.64492950384 187.43651254427 187.58875655848 188.17998279311 190.39724597031 192.17267461152 193.83787672928 196.01695810856 199.67978945066 205.2765817592 210.79486896017 215.34080645785 222.07714655958 230.16945253058 239.91801809013 251.09331565102 263.65788267816 276.82085261436 291.20021526637 305.11074942633 319.04764022791 333.15775416108 346.4979409615 359.88525238432 373.64352412637 386.51272378198 399.68333100606 413.29759612492"
Default-0-20220224-18:59:27-340979,vector,smartjunctionScenario.node[14].veinsmobility,posy,,,,"36 37 38 39 40 41 42 43 44 45 46 47 48 49 50 51 52 53 54 55 56 57 58 59 60 61 62 63 64 65 66 67 68 69 70 71 72 73 74 75 76 77 78 79","226.6 226.6 226.6 226.6 226.6 226.6 226.6 226.6 226.6 226.6 226.6 226.6 226.6 226.6 226.6 226.6 226.6 226.6 226.6 226.6 226.6 226.6 226.6 226.6 226.6 226.6 226.6 226.6 226.6 226.6 226.6 226.6 226.6 226.6 226.6 226.6 226.6 226.6 226.6 226.6 226.6 226.6 226.6 226.6"
Default-0-20220224-18:59:27-340979,vector,smartjunctionScenario.node[15].veinsmobility,posx,,,,"36 37 38 39 40 41 42 43 44 45 46 47 48 49 50 51 52 53 54 55 56 57 58 59 60 61 62 63 64 65 66 67 68 69","226.6 226.6 226.6 226.6 226.6 226.6 226.6 226.6 226.6 226.6 226.6 226.6 226.6 226.6 226.6 226.6 226.6 226.6 226.6 226.6 226.6 226.6 226.6 226.6 226.6 226.6 226.6 226.6 226.6 226.6 226.6 226.6 226.6 226.6"
Default-0-20220224-18:59:27-340979,vector,smartjunctionScenario.node[15].veinsmobility,posy,,,,"36 37 38 39 40 41 42 43 44 45 46 47 48 49 50 51 52 53 54 55 56 57 58 59 60 61 62 63 64 65 66 67 68 69","419.9 418.00318381782 414.49113347344 408.89690474216 401.7445814698 393.09543712039 382.69487566533 370.19717557339 356.27091770577 342.86440422884 329.18516597631 315.99329012877 302.62491913416 288.76455205699 274.68035395941 260.86795776025 247.47085949438 238.26414078228 232.98129010728 225.94446112069 216.71872373962 205.80789567623 192.5010823729 178.05590830504 164.17358173943 150.41917713702 136.23519669641 122.14195871158 108.3759130372 94.025931321853 80.158961363043 66.770873625598 52.583453926628 38.779691183703"
Default-0-20220224-18:59:27-340979,vector,smartjunctionScenario.node[14].veinsmobility,speed,,,,"37 38 39 40 41 42 43 44 45 46 47 48 49 50 51 52 53 54 55 56 57 58 59 60 61 62 63 64 65 66 67 68 69 70 71 72 73 74 75 76 77 78 79","1.6641843278194 3.4639693332836 4.8981606751913 6.6964363046922 9.098939439212 10.524278497952 12.511486580991 13.169610305039 13.749800677879 13.581343836688 13.42852019719 13.52433032985 13.690026453372 13.381280848225 8.8812808482249 4.3812808482249 0.79158304043643 0.15224401420914 0.59122623463158 2.2172631771986 1.775428641206 1.6652021177627 2.1790813792822 3.662831342094 5.5967923085476 5.5182872009692 4.5459374976758 6.7363401017333 8.0923059710017 9.7485655595497 11.175297560887 12.564567027143 13.162969936199 14.37936265201 13.910534159957 13.93689080158 14.210113933172 13.340186800414 13.387311422827 13.758271742043 12.869199655617 13.170607224078 13.614265118861"
Default-0-20220224-18:59:27-340979,vector,smartjunctionScenario.node[15].veinsmobility,speed,,,,"37 38 39 40 41 42 43 44 45 46 47 48 49 50 51 52 53 54 55 56 57 58 59 60 61 62 63 64 65 66 67 68 69","1.8968161821831 3.5120503443759 5.5942287312821 7.1523232723586 8.6491443494102 10.400561455055 12.49770009194 13.926257867623 13.406513476931 13.679238252529 13.291875847546 13.3683709946 13.860367077171 14.084198097583 13.812396199164 13.397098265868 9.206718712104 5.2828506749957 7.0368289865921 9.2257373810648 10.910828063394 13.306813303325 14.445174067864 13.882326565614 13.75440460241 14.183980440605 14.193237984833 13.76604567438 14.349981715345 13.86696995881 13.388087737445 14.18741969897 13.803762742924"
Default-0-20220224-18:59:27-340979,vector,smartjunctionScenario.node[16].veinsmobility,posx,,,,"41 42 43 44 45 46 47 48 49 50 51 52 53 54 55 56 57 58 59 60 61 62 63 64 65 66 67 68 69 70 71 72 73 74 75 76 77 78 79 80 81","30.1 32.599717581761 36.861114475573 43.320476510888 51.698308713897 61.430620881217 72.614771810221 86.014861278515 100.0322641512 114.60044267236 128.34970258769 141.73367752196 156.29038711758 167.85374929154 175.51420324263 179.4239186651 182.22179060603 184.35438826046 186.05816061555 187.29791768104 190.00001346298 194.03835290645 200.44338862411 205.15340002721 212.04100977287 216.67302143867 223.79642456838 233.34145557727 244.99714027639 258.27874712504 271.87710916341 285.73020979348 299.79960859578 313.98110254892 327.59721610571 341.83846299558 355.34291836731 369.71145620829 383.8958320155 397.75973178119 411.59828919629"
Default-0-20220224-18:59:27-340979,vector,smartjunctionScenario.node[16].veinsmobility,posy,,,,"41 42 43 44 45 46 47 48 49 50 51 52 53 54 55 56 57 58 59 60 61 62 63 64 65 66 67 68 69 70 71 72 73 74 75 76 77 78 79 80 81","226.6 226.6 226.6 226.6 226.6 226.6 226.6 226.6 226.6 226.6 226.6 226.6 226.6 226.6 226.6 226.6 226.6 226.6 226.6 226.6 226.6 226.6 226.6 226.6 226.6 226.6 226.6 226.6 226.6 226.6 226.6 226.6 226.6 226.6 226.6 226.6 226.6 226.6 226.6 226.6 226.6"
Default-0-20220224-18:59:27-340979,vector,smartjunctionScenario.node[17].veinsmobility,posx,,,,"41 42 43 44 45 46 47 48 49 50 51 52 53 54 55 56 57 58 59 60 61 62 63 64 65 66 67 68 69 70 71 72 73 74 75 76 77 78 79 80 81 82 83 84 85 86 87 88 89 90 91 92 93 94 95 96 97 98 99 100 101","226.6 226.6 226.6 226.6 226.6 226.6 226.6 226.6 226.6 226.6 226.6 226.6 226.6 226.6 226.6 226.6 226.6 226.6 226.6 226.6 226.6 226.6 226.6 226.6 226.6 226.6 226.6 226.6 226.6 226.6 226.6 226.6 226.6 226.6 226.6 226.6 226.6 226.6 226.6 226.6 226.6 226.6 226.6 226.6 226.6 226.6 226.6 226.6 226.6 226.6 226.6 226.6 226.6 226.6 226.6 226.6 226.6 226.6 226.6 226.6 226.6"
Default-0-20220224-18:59:27-340979,vector,smartjunctionScenario.node[17].veinsmobility,posy,,,,"41 42 43 44 45 46 47 48 49 50 51 52 53 54 55 56 57 58 59 60 61 62 63 64 65 66 67 68 69 70 71 72 73 74 75 76 77 78 79 80 81 82 83 84 85 86 87 88 89 90 91 92 93 94 95 96 97 98 99 100 101","419.9 417.40698861298 413.53931233636 407.75199109414 400.16410397 391.09371878897 381.31479356864 372.41632647231 363.35459116033 353.84572031426 344.86831366484 334.846560206 325.37807745061 315.91120482654 306.9024621153 297.19270577706 287.44744584099 282.20218590492 281.45692596884 281.45692596884 281.45692596884 281.45692596884 281.45692596884 281.45692596884 281.45692596884 281.45692596884 281.45692596884 281.45692596884 281.45692596884 281.45692596884 281.45692596884 281.45692596884 279.90208770346 276.00185992901 270.36546812408 262.42826703346 253.03671571934 243.02573451967 233.77310415236 224.31114631191 214.43670058326 204.60461153924 195.66390085068 186.27394817038 177.37552481886 168.51712006311 159.54470203263 150.28414620113 141.43966065894 131.98053114091 122.16251114352 113.24942520978 103.27362656331 93.440696585106 83.905351687299 74.927926045928 65.440473919597 56.512180618371 46.55759654287 37.568501910341 27.78466579017"
Default-0-20220224-18:59:27-340979,vector,smartjunctionScenario.node[16].veinsmobility,speed,,,,"42 43 44 45 46 47 48 49 50 51 52 53 54 55 56 57 58 59 60 61 62 63 64 65 66 67 68 69 70 71 72 73 74 75 76 77 78 79 80 81","2.4997175817611 4.2613968938123 6.4593620353146 8.3778322030092 9.7323121673195 11.184150929004 13.400089468295 14.017402872689 14.568178521156 13.849259915332 13.383974934266 14.556709595619 11.563362173959 7.6604539510973 3.9097154224707 2.7978719409256 2.1325976544341 1.7037723550896 1.2397570654896 2.7020957819332 4.0383394434729 6.4050357176603 4.7100114031041 6.8876097456597 4.6320116657992 7.1234031297029 9.5450310088922 11.655684699118 13.281606848654 13.598362038367 13.853100630072 14.069398802299 14.181493953139 13.716113556795 14.24124688987 13.504455371726 14.368537840982 14.184375807213 13.863899765689 13.838557415096"
Default-0-20220224-18:59:27-340979,vector,smartjunctionScenario.node[17].veinsmobility,speed,,,,"42 43 44 45 46 47 48 49 50 51 52 53 54 55 56 57 58 59 60 61 62 63 64 65 66 67 68 69 70 71 72 73 74 75 76 77 78 79 80 81 82 83 84 85 86 87 88 89 90 91 92 93 94 95 96 97 98 99 100 101","2.4930113870185 3.8676762766205 5.7873212422244 7.5878871241352 9.070385181033 9.778925220333 8.8984670963277 9.0617353119794 9.5088708460703 8.9774066494218 10.021753458832 9.4684827553946 9.5668726240657 9.0087427112413 9.7097563382377 9.7452599360747 5.2452599360747 0.74525993607466 0 0 0 0 0 0 0 0 0 0 0 0 0 1.5548382653855 3.9002277744468 5.6363918049261 7.9372010906227 9.391551314122 10.010981199671 9.2526303673069 9.4619578404491 9.8744457286456 9.8320890440279 8.9407106885593 9.3899526802962 8.8984233515243 8.858404755746 8.9724180304817 9.2605558314965 8.8444855421921 9.4591295180283 9.918019997389 8.9130859337421 9.9757986464677 9.8329299782076 9.5353448978066 8.9774256413709 9.4874521263316 8.9282933012256 9.9545840755011 8.9890946325287 9.7838361201714"
Default-0-20220224-18:59:27-340979,vector,smartjunctionScenario.node[18].veinsmobility,posx,,,,"46 47 48 49 50 51 52 53 54 55 56 57 58 59 60 61 62 63 64 65 66 67 68 69 70 71 72 73 74 75 76 77 78 79 80 81 82 83","30.1 31.833958205767 36.073331107036 42.843698902638 50.953467802331 60.797182520619 73.068750518328 86.943886962067 102.22907512517 117.18367123682 131.58481724709 146.59440380531 159.643830021 169.52194533111 175.13421158542 178.85813609136 181.77753189868 186.16976675315 192.66230487575 197.3981062776 203.18642699377 208.28006355564 214.87364475575 222.8804895093 233.00264946318 245.23601759436 259.39938897448 273.23669911649 287.28655257218 302.59779253019 316.94285263919 331.62892373821 345.07286669452 359.48449300175 373.47256712587 387.95558333344 401.44318360621 416.0369310523"
Default-0-20220224-18:59:27-340979,vector,smartjunctionScenario.node[18].veinsmobility,posy,,,,"46 47 48 49 50 51 52 53 54 55 56 57 58 59 60 61 62 63 64 65 66 67 68 69 70 71 72 73 74 75 76 77 78 79 80 81 82 83","226.6 226.6 226.6 226.6 226.6 226.6 226.6 226.6 226.6 226.6 226.6 226.6 226.6 226.6 226.6 226.6 226.6 226.6 226.6 226.6 226.6 226.6 226.6 226.6 226.6 226.6 226.6 226.6 226.6 226.6 226.6 226.6 226.6 226.6 226.6 226.6 226.6 226.6"
Default-0-20220224-18:59:27-340979,vector,smartjunctionScenario.node[19].veinsmobility,posx,,,,"46 47 48 49 50 51 52 53 54 55 56 57 58 59 60 61 62 63 64 65 66 67 68 69 70 71 72 73 74 75 76 77 78 79 80 81 82 83 84 85 86 87 88 89 90 91 92 93 94 95 96 97 98 99 100 101 102","226.6 226.6 226.6 226.6 226.6 226.6 226.6 226.6 226.6 226.6 226.6 226.6 226.6 226.6 226.6 226.6 226.6 226.6 226.6 226.6 226.6 226.6 226.6 226.6 226.6 226.6 226.6 226.6 226.6 226.6 226.6 226.6 226.6 226.6 226.6 226.6 226.6 226.6 226.6 226.6 226.6 226.6 226.6 226.6 226.6 226.6 226.6 226.6 226.6 226.6 226.6 226.6 226.6 226.6 226.6 226.6 226.6"
Default-0-20220224-18:59:27-340979,vector,smartjunctionScenario.node[19].veinsmobility,posy,,,,"46 47 48 49 50 51 52 53 54 55 56 57 58 59 60 61 62 63 64 65 66 67 68 69 70 71 72 73 74 75 76 77 78 79 80 81 82 83 84 85 86 87 88 89 90 91 92 93 94 95 96 97 98 99 100 101 102","419.9 417.93704189148 414.45089734772 409.48130912024 402.93669957356 394.94604210223 385.26390366289 373.90832192861 361.93746184203 349.08205607677 336.56677171579 323.93037791406 315.69398411233 311.95759031059 311.95759031059 311.95759031059 311.95759031059 311.95759031059 311.95759031059 311.95759031059 311.95759031059 311.95759031059 311.95759031059 311.95759031059 311.95759031059 311.95759031059 311.95759031059 310.61029627949 307.43297536447 301.76457321724 294.04949849596 284.9430467917 274.33782877274 262.00650330257 249.88077164109 238.04638682001 226.61404273833 215.24049159007 206.37528512949 197.07347850959 187.38231145151 178.86714124665 170.00310857795 161.03682573308 151.95840610749 142.30169015523 131.62098482328 122.13653752986 112.88741723204 103.63063144364 93.401483403511 84.556403270623 75.527310028626 66.54911326783 56.068187022064 46.56128287532 36.322261264156"
Default-0-20220224-18:59:27-340979,vector,smartjunctionScenario.node[18].veinsmobility,speed,,,,"47 48 49 50 51 52 53 54 55 56 57 58 59 60 61 62 63 64 65 66 67 68 69 70 71 72 73 74 75 76 77 78 79 80 81 82 83","1.733958205767 4.2393729012692 6.7703677956015 8.1097688996932 9.8437147182878 12.271567997709 13.87513644374 15.285188163102 14.954596111651 14.50114601027 15.009586558219 13.049426215686 9.8781153101183 5.6122662543073 3.7239245059385 2.9193958073252 4.3922348544657 6.4925381226007 4.7358014018484 5.7883207161688 5.0936365618698 6.5935812001159 8.0068447535435 10.122159953885 12.233368131173 14.16337138012 13.837310142013 14.049853455695 15.311239958003 14.345060108997 14.786071099024 13.44394295631 14.411626307234 13.988074124115 14.483016207573 13.487600272774 14.593747446088"
Default-0-20220224-18:59:27-340979,vector,smartjunctionScenario.node[19].veinsmobility,speed,,,,"47 48 49 50 51 52 53 54 55 56 57 58 59 60 61 62 63 64 65 66 67 68 69 70 71 72 73 74 75 76 77 78 79 80 81 82 83 84 85 86 87 88 89 90 91 92 93 94 95 96 97 98 99 100 101 102","1.9629581085173 3.4861445437651 4.9695882274769 6.5446095466847 7.9906574713299 9.6821384393377 11.355581734283 11.970860086573 12.855405765265 12.515284360974 12.736393801734 8.2363938017336 3.7363938017336 0 0 0 0 0 0 0 0 0 0 0 0 0 1.3472940311069 3.1773209150182 5.6684021472232 7.7150747212814 9.10645170426 10.605218018964 12.331325470173 12.125731661479 11.834384821077 11.432344081685 11.373551148252 8.8652064605887 9.3018066198916 9.6911670580818 8.5151702048666 8.8640326686911 8.9662828448715 9.0784196255975 9.6567159522504 10.680705331958 9.5844472934137 9.2491202978196 9.256785788408 10.229148040125 8.845080132888 9.0290932419963 8.9781967607961 10.480926245766 9.5069041467434 10.239021611164"
Default-0-20220224-18:59:27-340979,vector,smartjunctionScenario.node[20].veinsmobility,posx,,,,"51 52 53 54 55 56 57 58 59 60 61 62 63 64 65 66 67 68 69 70 71 72 73 74 75 76 77 78 79 80 81 82 83 84 85","30.1 31.582421950088 34.914568894869 40.68875971809 48.086772939982 57.553190172068 68.957630405691 82.110380656831 97.080374437384 112.57853613268 128.37168375191 143.76868003289 157.12556812871 168.33497903427 177.89248459752 185.52025359929 193.24348828037 199.47285899726 205.5581609306 213.00761400081 217.37858099991 223.25437900669 231.36120016117 241.1892244584 253.18143404675 266.9995738582 283.00674026997 298.989547343 315.10419861382 330.52979602161 345.8328282436 361.58656433012 377.92964527818 394.24527020061 410.56904460602"
Default-0-20220224-18:59:27-340979,vector,smartjunctionScenario.node[20].veinsmobility,posy,,,,"51 52 53 54 55 56 57 58 59 60 61 62 63 64 65 66 67 68 69 70 71 72 73 74 75 76 77 78 79 80 81 82 83 84 85","226.6 226.6 226.6 226.6 226.6 226.6 226.6 226.6 226.6 226.6 226.6 226.6 226.6 226.6 226.6 226.6 226.6 226.6 226.6 226.6 226.6 226.6 226.6 226.6 226.6 226.6 226.6 226.6 226.6 226.6 226.6 226.6 226.6 226.6 226.6"
Default-0-20220224-18:59:27-340979,vector,smartjunctionScenario.node[21].veinsmobility,posx,,,,"51 52 53 54 55 56 57 58 59 60 61 62 63 64 65 66 67 68 69 70 71 72 73 74 75 76 77 78 79 80 81 82 83 84 85 86 87 88 89 90 91 92 93 94 95 96 97 98 99 100 101 102 103 104","226.6 226.6 226.6 226.6 226.6 226.6 226.6 226.6 226.6 226.6 226.6 226.6 226.6 226.6 226.6 226.6 226.6 226.6 226.6 226.6 226.6 226.6 226.6 226.6 226.6 226.6 226.6 226.6 226.6 226.6 226.6 226.6 226.6 226.6 226.6 226.6 226.6 226.6 226.6 226.6 226.6 226.6 226.6 226.6 226.6 226.6 226.6 226.6 226.6 226.6 226.6 226.6 226.6 226.6"
Default-0-20220224-18:59:27-340979,vector,smartjunctionScenario.node[21].veinsmobility,posy,,,,"51 52 53 54 55 56 57 58 59 60 61 62 63 64 65 66 67 68 69 70 71 72 73 74 75 76 77 78 79 80 81 82 83 84 85 86 87 88 89 90 91 92 93 94 95 96 97 98 99 100 101 102 103 104","419.9 417.66593761106 413.22956494116 406.9697991617 399.06282268104 388.92040973094 377.39931003901 365.75580003661 353.63425027979 342.1643226953 330.6096439843 323.22482072739 319.86225532732 319.49881109188 319.46499706999 319.45865380266 319.45865380266 319.45865380266 319.45865380266 319.45865380266 319.45865380266 319.45865380266 319.45865380266 318.76333433939 316.30855235245 311.4623874975 304.66785783345 296.19387909719 286.13105145632 274.32771296336 262.75502476584 251.27860522581 240.14012831496 228.29121972418 217.81529898223 208.34087531645 198.04379713861 189.38449301003 180.50294274013 170.98430620656 162.37060257692 152.10542356654 141.49915398621 132.16472006333 122.24213334093 113.63970340102 102.63100628496 93.481651877627 85.24578143318 76.730154811055 65.795172890189 56.627290948761 45.839301944652 34.327042947797"
Default-0-20220224-18:59:27-340979,vector,smartjunctionScenario.node[20].veinsmobility,speed,,,,"52 53 54 55 56 57 58 59 60 61 62 63 64 65 66 67 68 69 70 71 72 73 74 75 76 77 78 79 80 81 82 83 84 85","1.4824219500879 3.3321469447808 5.7741908232216 7.3980132218916 9.466417232086 11.404440233624 13.15275025114 14.969993780553 15.498161695295 15.893147619234 15.396996280973 13.356888095826 11.209410905558 9.5575055632509 7.6277690017686 7.7232346810817 6.2293707168842 6.0853019333414 7.4494530702106 4.3709669990979 5.8757980067797 8.1068211544819 9.8280242972357 11.992209588345 13.818139811447 16.007166411779 15.982807073023 16.114651270819 15.525597407788 15.303032221997 15.753736086519 16.343080948063 16.315624922424 16.323774405409"
Default-0-20220224-18:59:27-340979,vector,smartjunctionScenario.node[21].veinsmobility,speed,,,,"52 53 54 55 56 57 58 59 60 61 62 63 64 65 66 67 68 69 70 71 72 73 74 75 76 77 78 79 80 81 82 83 84 85 86 87 88 89 90 91 92 93 94 95 96 97 98 99 100 101 102 103 104","2.2340623889351 4.4363726699026 6.2597657794599 7.9069764806656 10.142412950099 11.521099691926 11.643510002405 12.12154975682 11.469927584491 11.554678710995 7.4848232569083 3.3625654000699 0.36344423544175 0.033814021892897 0.0063432673256288 0 0 0 0 0 0 0 0.69531946327157 2.4547819869415 4.8461648549474 6.7945296640563 8.4739787362571 10.062827640871 11.803338492959 11.572688197525 11.476419540024 11.138476910856 11.848908590776 10.475920741951 9.4744236657765 10.297078177846 8.6593041285791 8.8815502698969 9.5186365335705 8.6137036296385 10.265179010379 10.606269580334 9.334433922877 10.022586722399 8.6024299399161 11.008697116057 9.1493544073321 8.2358704444473 8.5156266221246 10.934981920866 9.1678819414278 10.787989004109 11.512258996856"
Default-0-20220224-18:59:27-340979,vector,smartjunctionScenario.node[22].veinsmobility,posx,,,,"56 57 58 59 60 61 62 63 64 65 66 67 68 69 70 71 72 73 74 75 76 77 78 79 80 81 82 83 84 85 86 87 88 89 90","30.1 31.928969386243 35.770512729185 41.68147987728 50.163551579742 60.725956779812 73.372857861291 86.264958132587 99.303421776006 113.14088439772 125.91086478235 139.05454498845 152.78153649131 166.63106724506 180.33664418458 193.5029614061 202.88787160722 211.13975654736 216.65281167608 223.88100495099 232.92129009334 244.2174884395 257.82941252811 271.69898030143 285.14231907769 298.83139492255 312.35195708447 325.8692568954 339.01960271505 352.82376871321 365.77388500783 378.55449151377 391.53538800897 404.41858191457 418.04224720112"
Default-0-20220224-18:59:27-340979,vector,smartjunctionScenario.node[22].veinsmobility,posy,,,,"56 57 58 59 60 61 62 63 64 65 66 67 68 69 70 71 72 73 74 75 76 77 78 79 80 81 82 83 84 85 86 87 88 89 90","226.6 226.6 226.6 226.6 226.6 226.6 226.6 226.6 226.6 226.6 226.6 226.6 226.6 226.6 226.6 226.6 226.6 226.6 226.6 226.6 226.6 226.6 226.6 226.6 226.6 226.6 226.6 226.6 226.6 226.6 226.6 226.6 226.6 226.6 226.6"
Default-0-20220224-18:59:27-340979,vector,smartjunctionScenario.node[23].veinsmobility,posx,,,,"56 57 58 59 60 61 62 63 64 65 66 67 68 69 70 71 72 73 74 75 76 77 78 79 80 81 82 83 84 85 86 87 88 89 90 91 92 93 94 95 96 97 98 99 100 101 102 103 104 105 106 107","226.6 226.6 226.6 226.6 226.6 226.6 226.6 226.6 226.6 226.6 226.6 226.6 226.6 226.6 226.6 226.6 226.6 226.6 226.6 226.6 226.6 226.6 226.6 226.6 226.6 226.6 226.6 226.6 226.6 226.6 226.6 226.6 226.6 226.6 226.6 226.6 226.6 226.6 226.6 226.6 226.6 226.6 226.6 226.6 226.6 226.6 226.6 226.6 226.6 226.6 226.6 226.6"
Default-0-20220224-18:59:27-340979,vector,smartjunctionScenario.node[23].veinsmobility,posy,,,,"56 57 58 59 60 61 62 63 64 65 66 67 68 69 70 71 72 73 74 75 76 77 78 79 80 81 82 83 84 85 86 87 88 89 90 91 92 93 94 95 96 97 98 99 100 101 102 103 104 105 106 107","419.9 418.06759508774 414.78733865009 409.33314627381 402.32494644925 393.75343531794 384.21172783392 374.12196485608 364.78001875157 354.98079107812 345.53452320578 335.72625439662 329.17927414889 327.05447299574 326.89617004971 326.86632006718 326.86198663243 326.86007952781 326.85974458263 326.41870098724 324.09673976087 320.31046096218 314.51632508916 306.55812561321 296.97515578958 287.73678364696 277.79840444701 267.45360727155 257.17803515224 247.02634771808 237.00345691648 227.62311060987 217.76006203413 208.49176503236 198.62075967143 189.31441350745 179.50709102377 170.28629847945 160.68615550781 151.26359474008 141.0569333324 130.68545528771 121.489102512 111.47257915041 101.77530072824 91.81421723224 82.2201178695 72.119273263432 62.618829593083 52.653134951076 42.860668872764 32.644975199402"
Default-0-20220224-18:59:27-340979,vector,smartjunctionScenario.node[22].veinsmobility,speed,,,,"57 58 59 60 61 62 63 64 65 66 67 68 69 70 71 72 73 74 75 76 77 78 79 80 81 82 83 84 85 86 87 88 89 90","1.8289693862433 3.8415433429414 5.9109671480954 8.4820717024617 10.56240520007 12.646901081479 12.892100271296 13.038463643419 13.837462621711 12.869980384635 13.143680206097 13.726991502864 13.849530753742 13.705576939525 13.166317221525 9.3849102011196 8.251884940131 5.5130551287218 7.2281932749099 9.0402851423493 11.296198346164 13.611924088608 13.869567773321 13.443338776256 13.689075844868 13.520562161917 13.61729981093 13.150345819646 13.804165998164 12.950116294615 12.780606505943 12.980896495206 12.883193905598 13.623665286547"
Default-0-20220224-18:59:27-340979,vector,smartjunctionScenario.node[23].veinsmobility,speed,,,,"57 58 59 60 61 62 63 64 65 66 67 68 69 70 71 72 73 74 75 76 77 78 79 80 81 82 83 84 85 86 87 88 89 90 91 92 93 94 95 96 97 98 99 100 101 102 103 104 105 106 107","1.8324049122632 3.28025643765 5.4541923762765 7.0081998245558 8.5715111313155 9.5417074840145 10.089762977846 9.3419461045043 9.7992276734535 9.4462678723365 9.8082688091651 6.5469802477317 2.1248011531507 0.15830294602511 0.029849982530022 0.0043334347556056 0.0019071046127842 0.00033494518414401 0.44104359538637 2.4219612263686 3.7862787986928 5.7941358730252 7.958199475944 9.5829698236288 9.2383721426224 9.9383791999521 10.344797175457 10.275572119313 10.151687434162 10.022890801598 9.3803463066092 9.8630485757349 9.2682970017755 9.8710053609313 9.306346163978 9.8073224836823 9.2207925443167 9.6001429716453 9.4225607677225 10.206661407682 10.371478044694 9.2963527757071 10.016523361588 9.6972784221733 9.9610834959989 9.5940993627395 10.100844606068 9.5004436703494 9.9656946420066 9.7924660783123 10.215693673361"
Default-0-20220224-18:59:27-340979,vector,smartjunctionScenario.node[24].veinsmobility,posx,,,,"61 62 63 64 65 66 67 68 69 70 71 72 73 74 75 76 77 78 79 80 81 82 83 84 85 86 87 88 89 90 91 92 93 94 95 96 97 98 99 100 101 102 103 104 105 106 107 108 109 110 111 112 113 114 115 116 117 118 119 120 121","30.1 32.012998515018 36.508683568425 43.008318270789 52.045644581388 63.40879014919 75.903921051638 88.485933353916 100.36635310467 112.72243999855 125.36311986681 137.6766071192 150.5403061917 163.43240847947 175.74040906627 188.45032394238 201.30878104474 210.48701359303 215.63324210007 217.48231252109 217.68425195228 217.69332817653 217.69765412093 217.6989433306 217.6989433306 217.6989433306 217.6989433306 217.6989433306 217.6989433306 217.6989433306 217.6989433306 217.6989433306 217.6989433306 217.6989433306 217.6989433306 217.6989433306 217.6989433306 217.6989433306 217.6989433306 217.6989433306 217.6989433306 217.6989433306 220.21043204132 224.04317944978 229.24843418211 236.42769964325 245.21545646302 256.11715097932 268.19979362007 280.84767847846 293.80136931663 306.65743247543 319.29626182293 331.42248886321 343.69055657619 356.14872493947 368.08502582306 380.58458401107 393.62049925888 406.49472265549 419.16809545862"
Default-0-20220224-18:59:27-340979,vector,smartjunctionScenario.node[24].veinsmobility,posy,,,,"61 62 63 64 65 66 67 68 69 70 71 72 73 74 75 76 77 78 79 80 81 82 83 84 85 86 87 88 89 90 91 92 93 94 95 96 97 98 99 100 101 102 103 104 105 106 107 108 109 110 111 112 113 114 115 116 117 118 119 120 121","226.6 226.6 226.6 226.6 226.6 226.6 226.6 226.6 226.6 226.6 226.6 226.6 226.6 226.6 226.6 226.6 226.6 226.6 226.6 226.6 226.6 226.6 226.6 226.6 226.6 226.6 226.6 226.6 226.6 226.6 226.6 226.6 226.6 226.6 226.6 226.6 226.6 226.6 226.6 226.6 226.6 226.6 226.6 226.6 226.6 226.6 226.6 226.6 226.6 226.6 226.6 226.6 226.6 226.6 226.6 226.6 226.6 226.6 226.6 226.6 226.6"
Default-0-20220224-18:59:27-340979,vector,smartjunctionScenario.node[25].veinsmobility,posx,,,,"61 62 63 64 65 66 67 68 69 70 71 72 73 74 75 76 77 78 79 80 81 82 83 84 85 86 87 88 89 90 91 92 93 94 95 96 97 98 99 100 101 102 103 104 105 106 107 108 109","226.6 226.6 226.6 226.6 226.6 226.6 226.6 226.6 226.6 226.6 226.6 226.6 226.6 226.6 226.6 226.6 226.6 226.6 226.6 226.6 226.6 226.6 226.6 226.6 226.6 226.6 226.6 226.6 226.6 226.6 226.6 226.6 226.6 226.6 226.6 226.6 226.6 226.6 226.6 226.6 226.6 226.6 226.6 226.6 226.6 226.6 226.6 226.6 226.6"
Default-0-20220224-18:59:27-340979,vector,smartjunctionScenario.node[25].veinsmobility,posy,,,,"61 62 63 64 65 66 67 68 69 70 71 72 73 74 75 76 77 78 79 80 81 82 83 84 85 86 87 88 89 90 91 92 93 94 95 96 97 98 99 100 101 102 103 104 105 106 107 108 109","419.9 418.53277010673 415.45803975195 410.72943274977 403.9104795577 394.59653616801 383.18891001965 370.09409745072 355.94334130571 345.41892840213 337.96498762117 334.42088980391 334.3862688708 334.36353250997 334.36099093722 334.00404887508 331.93563393283 328.12201716491 322.94322245235 315.44388760887 305.50874313441 297.15411684073 287.71911726414 277.48177984072 267.22092890487 257.01204075166 247.06506976538 237.445643353 227.49377212337 217.66002329051 207.42964093893 198.59620276293 188.48588137252 179.43823804395 169.33218957333 159.72252641108 149.24008589139 139.30162047213 130.00183029244 120.1019292494 110.41656153377 100.53739536506 91.578549227467 81.500280013287 72.222212700144 61.960880220674 51.767559423186 41.695165572208 30.14660232115"
Default-0-20220224-18:59:27-340979,vector,smartjunctionScenario.node[24].veinsmobility,speed,,,,"62 63 64 65 66 67 68 69 70 71 72 73 74 75 76 77 78 79 80 81 82 83 84 85 86 87 88 89 90 91 92 93 94 95 96 97 98 99 100 101 102 103 104 105 106 107 108 109 110 111 112 113 114 115 116 117 118 119 120 121","1.9129985150183 4.4956850534072 6.499634702364 9.0373263105983 11.363145567803 12.495130902448 12.582012302278 11.880419750757 12.356086893881 12.740679868253 12.313487252396 12.863699072495 12.892102287769 12.3080005868 12.709914876114 12.85845710236 9.1782325482865 5.1462285070385 1.8490704210237 0.20193943118863 0.0090762242526122 0.0043259444008428 0.0012892096688929 0 0 0 0 0 0 0 0 0 0 0 0 0 0 0 0 0 0 2.5114887107164 3.8327474084683 5.2052547323285 7.1792654611403 8.7877568197669 10.901694516302 12.082642640745 12.647884858389 12.953690838174 12.856063158799 12.638829347504 12.226227040275 12.268067712978 12.458168363281 11.936300883594 12.49955818801 13.035915247806 12.874223396614 12.673372803129"
Default-0-20220224-18:59:27-340979,vector,smartjunctionScenario.node[25].veinsmobility,speed,,,,"62 63 64 65 66 67 68 69 70 71 72 73 74 75 76 77 78 79 80 81 82 83 84 85 86 87 88 89 90 91 92 93 94 95 96 97 98 99 100 101 102 103 104 105 106 107 108 109","1.3672298932681 3.0747303547803 4.7286070021801 6.8189531920711 9.3139433896868 11.40762614836 13.094812568929 14.150756145018 10.524412903576 7.4539407809562 3.5440978172655 0.034620933108445 0.022736360832483 0.0025415727523221 0.35694206213208 2.0684149422581 3.8136167679133 5.2787947125672 7.4993348434739 9.93514447446 8.3546262936839 9.4349995765826 10.237337423429 10.260850935843 10.208888153211 9.9469709862854 9.6194264123802 9.9518712296262 9.8337488328601 10.230382351582 8.8334381759931 10.110321390419 9.0476433285697 10.106048470611 9.6096631622543 10.482440519687 9.9384654192625 9.2997901796875 9.9999010430401 9.6853677156325 9.8791661687112 8.9588461375927 10.078269214179 9.2780673131432 10.26133247947 10.193320797489 10.072393850978 11.548563251058"
Default-0-20220224-18:59:27-340979,vector,smartjunctionScenario.node[26].veinsmobility,posx,,,,"66 67 68 69 70 71 72 73 74 75 76 77 78 79 80 81 82 83 84 85 86 87 88 89 90 91 92 93 94 95 96 97 98 99 100 101 102 103 104 105 106 107 108 109 110 111 112 113 114 115 116 117 118 119 120 121 122 123","30.1 31.602557217423 34.84441491703 39.84042469915 46.321354161412 55.376687728171 66.996305173775 80.301559558338 93.106797466664 106.46743935169 118.95282161167 131.41844636155 144.51463956192 156.83359131809 169.45840074117 182.08533222655 194.99908840852 204.39891502423 209.29874163995 209.75473494139 210.09516602839 210.17801189582 210.19671477701 210.19756385313 210.19782279309 210.19782279309 210.19782279309 210.19782279309 210.19782279309 210.19782279309 210.19782279309 210.19794216181 210.19794216181 210.19794216181 210.19794216181 210.19794216181 210.19794216181 210.19794216181 211.65554351125 214.94768561113 220.06946131151 226.68268080972 234.70959982293 244.5915037747 255.88084221772 268.38956237647 281.14980361847 293.70314277721 306.83535447074 319.80313598161 332.6348947285 345.08076191604 357.84297619705 371.15009066484 384.17084419997 397.23327799898 409.2613918574 421.90096724966"
Default-0-20220224-18:59:27-340979,vector,smartjunctionScenario.node[26].veinsmobility,posy,,,,"66 67 68 69 70 71 72 73 74 75 76 77 78 79 80 81 82 83 84 85 86 87 88 89 90 91 92 93 94 95 96 97 98 99 100 101 102 103 104 105 106 107 108 109 110 111 112 113 114 115 116 117 118 119 120 121 122 123","226.6 226.6 226.6 226.6 226.6 226.6 226.6 226.6 226.6 226.6 226.6 226.6 226.6 226.6 226.6 226.6 226.6 226.6 226.6 226.6 226.6 226.6 226.6 226.6 226.6 226.6 226.6 226.6 226.6 226.6 226.6 226.6 226.6 226.6 226.6 226.6 226.6 226.6 226.6 226.6 226.6 226.6 226.6 226.6 226.6 226.6 226.6 226.6 226.6 226.6 226.6 226.6 226.6 226.6 226.6 226.6 226.6 226.6"
Default-0-20220224-18:59:27-340979,vector,smartjunctionScenario.node[27].veinsmobility,posx,,,,"66 67 68 69 70 71 72 73 74 75 76 77 78 79 80 81 82 83 84 85 86 87 88 89 90 91 92 93 94 95 96 97 98 99 100 101 102 103 104 105 106 107 108 109 110 111","226.6 226.6 226.6 226.6 226.6 226.6 226.6 226.6 226.6 226.6 226.6 226.6 226.6 226.6 226.6 226.6 226.6 226.6 226.6 226.6 226.6 226.6 226.6 226.6 226.6 226.6 226.6 226.6 226.6 226.6 226.6 226.6 226.6 226.6 226.6 226.6 226.6 226.6 226.6 226.6 226.6 226.6 226.6 226.6 226.6 226.6"
Default-0-20220224-18:59:27-340979,vector,smartjunctionScenario.node[27].veinsmobility,posy,,,,"66 67 68 69 70 71 72 73 74 75 76 77 78 79 80 81 82 83 84 85 86 87 88 89 90 91 92 93 94 95 96 97 98 99 100 101 102 103 104 105 106 107 108 109 110 111","419.9 418.423311481 415.58879980112 410.38730853722 403.81791611305 395.14386936727 384.80595722983 371.90677389191 357.89623831101 348.38570273011 343.37516714921 341.98299192688 340.10276462382 335.94356587381 330.81791622902 323.58729367172 314.72855133623 306.51695193027 297.71748437255 287.70056250182 277.25231748586 267.03987103361 256.46594950642 246.42829891362 236.96097245232 226.61171295552 216.22029890773 207.01017882392 197.64512884862 188.71133760338 178.2118238358 168.42375296521 157.80091686105 147.60725488613 139.11934938872 129.26899863964 119.99866700278 109.65347647746 101.09466862443 91.035054229343 81.625721250655 71.154476081309 60.997041823745 51.584925397535 39.998893492341 26.602641771221"
Default-0-20220224-18:59:27-340979,vector,smartjunctionScenario.node[26].veinsmobility,speed,,,,"67 68 69 70 71 72 73 74 75 76 77 78 79 80 81 82 83 84 85 86 87 88 89 90 91 92 93 94 95 96 97 98 99 100 101 102 103 104 105 106 107 108 109 110 111 112 113 114 115 116 117 118 119 120 121 122 123","1.5025572174229 3.2418576996075 4.9960097821197 6.4809294622624 9.0553335667588 11.619617445604 13.305254384563 12.805237908326 13.360641885027 12.485382259977 12.565624749884 13.096193200364 12.318951756172 12.62480942308 12.626931485385 12.913756181965 9.3998266157152 4.8998266157152 0.45599330144294 0.34043108699553 0.082845867436581 0.018702881190209 0.00084907612035036 0.00025893995793243 0 0 0 0 0 0 0.00011936871602499 0 0 0 0 0 0 1.4576013494445 3.2921420998801 5.1217757003777 6.6132194982073 8.0269190132082 9.881903951771 11.289338443025 12.508720158753 12.760241242 12.553339158734 13.13221169353 12.96778151087 12.931758746891 12.445867187544 12.762214281007 13.307114467792 13.02075353513 13.062433799003 12.028113858426 12.639575392255"
Default-0-20220224-18:59:27-340979,vector,smartjunctionScenario.node[27].veinsmobility,speed,,,,"67 68 69 70 71 72 73 74 75 76 77 78 79 80 81 82 83 84 85 86 87 88 89 90 91 92 93 94 95 96 97 98 99 100 101 102 103 104 105 106 107 108 109 110 111","1.4766885190038 2.8345116798766 5.2014912639046 6.5693924241699 8.6740467457799 10.337912137434 12.899183337926 14.010535580897 9.5105355808969 5.0105355808969 1.392175222336 1.8802273030551 4.1591987500112 5.1256496447892 7.3306225573001 8.8587423354908 8.2115994059609 8.799467557725 10.016921870723 10.448245015967 10.21244645225 10.573921527183 10.037650592803 9.4673264613037 10.349259496795 10.391414047789 9.2101200838113 9.3650499753012 8.9337912452399 10.499513767585 9.7880708705864 10.622836104163 10.193661974916 8.4879054974089 9.850350749086 9.3703316368588 10.345190525319 8.5588078530238 10.059614395092 9.4093329786881 10.471245169346 10.157434257564 9.4121164262104 11.586031905193 13.396251721121"
Default-0-20220224-18:59:27-340979,vector,smartjunctionScenario.node[28].veinsmobility,posx,,,,"71 72 73 74 75 76 77 78 79 80 81 82 83 84 85 86 87 88 89 90 91 92 93 94 95 96 97 98 99 100 101 102 103 104 105 106 107 108 109 110 111 112 113 114 115 116 117 118 119 120 121 122 123 124","30.1 31.412383137597 35.145923319249 40.535698316619 48.169934757845 57.545281988475 69.042658351595 82.859843945038 96.891140196746 110.86341991482 124.97519345396 138.91443816717 152.61581708709 166.47128384091 180.27778440342 191.59717910394 199.01188538005 201.92659165615 202.44640837346 202.68275021726 202.69352330998 202.69547560803 202.69638422282 202.69675992982 202.69675992982 202.69675992982 202.69675992982 202.69686731724 202.69686731724 202.69686731724 202.69686731724 202.69686731724 202.69686731724 202.69686731724 203.63852265413 206.06452247687 209.81354140237 215.47868490745 222.80580018587 232.72997845346 244.58086526033 258.25574841266 271.72295099826 284.57825830614 297.15869705969 310.12859891395 323.27105526398 335.47520946669 348.28777729729 361.51346506667 374.79563967859 387.68271378638 399.70595226274 412.81848739425"
Default-0-20220224-18:59:27-340979,vector,smartjunctionScenario.node[28].veinsmobility,posy,,,,"71 72 73 74 75 76 77 78 79 80 81 82 83 84 85 86 87 88 89 90 91 92 93 94 95 96 97 98 99 100 101 102 103 104 105 106 107 108 109 110 111 112 113 114 115 116 117 118 119 120 121 122 123 124","226.6 226.6 226.6 226.6 226.6 226.6 226.6 226.6 226.6 226.6 226.6 226.6 226.6 226.6 226.6 226.6 226.6 226.6 226.6 226.6 226.6 226.6 226.6 226.6 226.6 226.6 226.6 226.6 226.6 226.6 226.6 226.6 226.6 226.6 226.6 226.6 226.6 226.6 226.6 226.6 226.6 226.6 226.6 226.6 226.6 226.6 226.6 226.6 226.6 226.6 226.6 226.6 226.6 226.6"
Default-0-20220224-18:59:27-340979,vector,smartjunctionScenario.node[29].veinsmobility,posx,,,,"71 72 73 74 75 76 77 78 79 80 81 82 83 84 85 86 87 88 89 90 91 92 93 94 95 96 97 98 99 100 101 102 103 104 105 106 107 108 109 110 111 112","226.6 226.6 226.6 226.6 226.6 226.6 226.6 226.6 226.6 226.6 226.6 226.6 226.6 226.6 226.6 226.6 226.6 226.6 226.6 226.6 226.6 226.6 226.6 226.6 226.6 226.6 226.6 226.6 226.6 226.6 226.6 226.6 226.6 226.6 226.6 226.6 226.6 226.6 226.6 226.6 226.6 226.6"
Default-0-20220224-18:59:27-340979,vector,smartjunctionScenario.node[29].veinsmobility,posy,,,,"71 72 73 74 75 76 77 78 79 80 81 82 83 84 85 86 87 88 89 90 91 92 93 94 95 96 97 98 99 100 101 102 103 104 105 106 107 108 109 110 111 112","419.9 418.12441199797 414.91533076388 410.22079459638 403.41183585681 394.74471564277 384.50659427557 372.37660951479 360.45345130789 351.34466233639 343.1325448907 333.92277767795 324.22974835955 315.77415530235 306.67122029772 296.23265769894 285.82976772878 276.37071216859 265.61216155895 255.39533944705 246.22350663921 236.29146361454 226.31877266389 216.42302525888 207.15668984461 197.84424494826 187.65346382941 177.52358992424 166.64313467533 156.76754892525 148.17425094617 139.04479162008 129.21567645483 119.45637226336 110.86570602058 100.20559761287 91.235695732731 80.82151319013 71.200573420586 61.037741244196 49.373275471566 36.686872312486"
Default-0-20220224-18:59:27-340979,vector,smartjunctionScenario.node[28].veinsmobility,speed,,,,"72 73 74 75 76 77 78 79 80 81 82 83 84 85 86 87 88 89 90 91 92 93 94 95 96 97 98 99 100 101 102 103 104 105 106 107 108 109 110 111 112 113 114 115 116 117 118 119 120 121 122 123 124","1.3123831375968 3.7335401816526 5.3897749973694 7.6342364412267 9.37534723063 11.497376363119 13.817185593443 14.031296251708 13.97227971807 14.111773539142 14.039244713209 13.701378919923 13.85546675382 13.806500562507 11.319394700525 7.4147062761044 2.9147062761044 0.51981671731262 0.23634184379418 0.010773092719161 0.0019522980535463 0.00090861479142597 0.000375706998171 0 0 0 0.0001073874159032 0 0 0 0 0 0 0.94165533689647 2.425999822741 3.7490189254922 5.6651435050884 7.327115278412 9.9241782675966 11.850886806869 13.674883152325 13.4672025856 12.855307307881 12.58043875355 12.969901854262 13.142456350034 12.304154202705 12.812567830606 13.225687769371 13.282174611921 12.887074107795 12.023238476362 13.112535131509"
Default-0-20220224-18:59:27-340979,vector,smartjunctionScenario.node[29].veinsmobility,speed,,,,"72 73 74 75 76 77 78 79 80 81 82 83 84 85 86 87 88 89 90 91 92 93 94 95 96 97 98 99 100 101 102 103 104 105 106 107 108 109 110 111 112","1.7755880020326 3.2090812340844 4.6945361674996 6.8089587395778 8.6671202140395 10.238121367199 12.129984760773 11.923158206899 9.1087889715093 8.2121174456818 9.2097672127538 9.7930293184026 8.4555930571944 9.1029350046299 10.438562598784 10.402889970162 9.4590555601834 10.758550609641 10.2168221119 9.1718328078403 9.9320430246763 9.9726909506476 9.8957474050117 9.2663354142703 9.3124448963487 10.190781118851 10.129873905165 10.880455248913 9.8755857500778 8.5932979790794 9.129459326094 9.8291151652511 9.8593041914657 8.5906662427837 10.660108407703 8.9699018801437 10.414182542601 9.6209397695438 10.16283217639 11.664465772631 12.68640315908"
Default-0-20220224-18:59:27-340979,vector,smartjunctionScenario.node[30].veinsmobility,posx,,,,"76 77 78 79 80 81 82 83 84 85 86 87 88 89 90 91 92 93 94 95 96 97 98 99 100 101 102 103 104 105 106 107 108 109 110 111 112 113 114 115 116 117 118 119 120 121 122 123 124 125 126","30.1 32.480246101203 36.463399575697 42.610577442753 50.743637961778 61.197114798799 73.064869433059 86.54565411252 101.66663260156 117.63935170112 132.6807233398 148.39703386645 163.93566144401 177.89352602492 187.64948402937 192.90544203383 194.46963315047 195.00186296654 195.1293791054 195.16303652373 195.1832424152 195.19250894057 195.19470060379 195.19550870836 195.19581668118 195.19581668118 195.19581668118 195.19581668118 195.19581668118 195.19581668118 195.7893844167 198.27849497663 202.18325341721 207.40957318416 214.41864206044 223.07804389303 234.09060648198 247.35885447518 260.62454943928 273.98707203485 286.47104149544 299.07899196304 312.85459643733 325.60817104106 338.21478084479 352.03342679852 365.15232160297 378.19876417008 389.96246885358 402.96450561965 417.83752502302"
Default-0-20220224-18:59:27-340979,vector,smartjunctionScenario.node[30].veinsmobility,posy,,,,"76 77 78 79 80 81 82 83 84 85 86 87 88 89 90 91 92 93 94 95 96 97 98 99 100 101 102 103 104 105 106 107 108 109 110 111 112 113 114 115 116 117 118 119 120 121 122 123 124 125 126","226.6 226.6 226.6 226.6 226.6 226.6 226.6 226.6 226.6 226.6 226.6 226.6 226.6 226.6 226.6 226.6 226.6 226.6 226.6 226.6 226.6 226.6 226.6 226.6 226.6 226.6 226.6 226.6 226.6 226.6 226.6 226.6 226.6 226.6 226.6 226.6 226.6 226.6 226.6 226.6 226.6 226.6 226.6 226.6 226.6 226.6 226.6 226.6 226.6 226.6 226.6"
Default-0-20220224-18:59:27-340979,vector,smartjunctionScenario.node[31].veinsmobility,posx,,,,"76 77 78 79 80 81 82 83 84 85 86 87 88 89 90 91 92 93 94 95 96 97 98 99 100 101 102 103 104 105 106 107 108 109 110 111 112 113 114","226.6 226.6 226.6 226.6 226.6 226.6 226.6 226.6 226.6 226.6 226.6 226.6 226.6 226.6 226.6 226.6 226.6 226.6 226.6 226.6 226.6 226.6 226.6 226.6 226.6 226.6 226.6 226.6 226.6 226.6 226.6 226.6 226.6 226.6 226.6 226.6 226.6 226.6 226.6"
Default-0-20220224-18:59:27-340979,vector,smartjunctionScenario.node[31].veinsmobility,posy,,,,"76 77 78 79 80 81 82 83 84 85 86 87 88 89 90 91 92 93 94 95 96 97 98 99 100 101 102 103 104 105 106 107 108 109 110 111 112 113 114","419.9 417.98780050315 414.68704183337 409.05707713028 402.04507397285 393.31108092151 383.17784333534 371.14804952054 357.04596942074 341.40123802713 327.54013355532 313.68331258544 300.45065890597 289.80733566231 278.35697991464 266.54432064951 257.13867478075 247.15913850251 236.11042072104 225.60900085725 215.89028446013 206.87990212148 197.22673685167 187.23294997603 175.99535271386 166.07645688696 157.99813300425 149.20120418301 139.33719850339 128.72271729064 120.68963485014 110.74114643257 101.7281569865 90.494843694659 80.653293549618 70.68110821662 58.647492276651 45.517712443328 29.864960565888"
Default-0-20220224-18:59:27-340979,vector,smartjunctionScenario.node[30].veinsmobility,speed,,,,"77 78 79 80 81 82 83 84 85 86 87 88 89 90 91 92 93 94 95 96 97 98 99 100 101 102 103 104 105 106 107 108 109 110 111 112 113 114 115 116 117 118 119 120 121 122 123 124 125 126","2.3802461012034 3.9831534744939 6.1471778670559 8.1330605190247 10.453476837021 11.86775463426 13.48078467946 15.120978489036 15.972719099565 15.141371638684 15.716310526647 15.538627577556 13.957864580913 9.7559580044533 5.2559580044533 1.5641911166424 0.532229816066 0.12751613886044 0.03365741833684 0.020205891462017 0.0092665253710074 0.0021916632192378 0.00080810457067515 0.00030797282758333 0 0 0 0 0 0.59356773551189 2.4891105599354 3.9047584405807 5.226319766953 7.0090688762718 8.6594018325905 11.012562588951 13.268247993197 13.265694964109 13.362522595568 12.483969460591 12.607950467593 13.775604474291 12.853574603734 12.606609803732 13.818645953724 13.118894804451 13.046442567111 11.763704683499 13.00203676607 14.873019403373"
Default-0-20220224-18:59:27-340979,vector,smartjunctionScenario.node[31].veinsmobility,speed,,,,"77 78 79 80 81 82 83 84 85 86 87 88 89 90 91 92 93 94 95 96 97 98 99 100 101 102 103 104 105 106 107 108 109 110 111 112 113 114","1.9121994968504 3.3007586697815 5.6299647030886 7.0120031574275 8.7339930513408 10.13323758617 12.029793814803 14.102080099797 15.644731393614 13.861104471807 13.956820969879 13.232653679467 10.643323243669 11.450355747666 11.812659265134 9.4056458687583 9.9795362782424 11.048717781462 10.501419863798 9.7187163971152 9.0103823386491 9.6531652698095 9.9937868756375 11.237597262173 9.9188958269035 8.0783238827068 8.796928821242 9.8640056796208 10.61448121275 8.1330824404975 9.9484884175725 9.0129894460701 11.233313291839 9.8415501450409 9.9721853329979 12.033615939969 13.129779833324 15.65275187744"
Default-0-20220224-18:59:27-340979,vector,smartjunctionScenario.node[32].veinsmobility,posx,,,,"81 82 83 84 85 86 87 88 89 90 91 92 93 94 95 96 97 98 99 100 101 102 103 104 105 106 107 108 109 110 111 112 113 114 115 116 117 118 119 120 121 122 123 124 125 126 127 128 129 130 131 132","30.1 32.290562205017 37.007379823923 43.960966110951 52.321072028833 62.437188730412 74.01890482578 84.642881051177 96.200794863651 107.16840393964 118.64587759804 129.22257654364 140.72724681199 151.52443443097 162.47656732315 173.00535014996 181.82949166655 186.78142702879 187.27390511101 187.54946383099 187.6908032095 187.69295586745 187.69467256204 187.69467256204 187.69467256204 187.69467256204 188.27476062848 189.7936586876 193.74307812256 198.21420654192 204.39507327224 213.10180480238 217.30853633251 223.9253406391 232.46455111084 242.73512700138 254.37743439882 265.67760867522 276.48073466374 287.77775444963 298.88094418946 309.51983780659 320.93147469987 331.78610665934 342.50243428764 353.74179726186 364.94311834516 375.66750528086 386.24432533582 397.57468258161 408.73306632444 419.83242601718"
Default-0-20220224-18:59:27-340979,vector,smartjunctionScenario.node[32].veinsmobility,posy,,,,"81 82 83 84 85 86 87 88 89 90 91 92 93 94 95 96 97 98 99 100 101 102 103 104 105 106 107 108 109 110 111 112 113 114 115 116 117 118 119 120 121 122 123 124 125 126 127 128 129 130 131 132","226.6 226.6 226.6 226.6 226.6 226.6 226.6 226.6 226.6 226.6 226.6 226.6 226.6 226.6 226.6 226.6 226.6 226.6 226.6 226.6 226.6 226.6 226.6 226.6 226.6 226.6 226.6 226.6 226.6 226.6 226.6 226.6 226.6 226.6 226.6 226.6 226.6 226.6 226.6 226.6 226.6 226.6 226.6 226.6 226.6 226.6 226.6 226.6 226.6 226.6 226.6 226.6"
Default-0-20220224-18:59:27-340979,vector,smartjunctionScenario.node[33].veinsmobility,posx,,,,"81 82 83 84 85 86 87 88 89 90 91 92 93 94 95 96 97 98 99 100 101 102 103 104 105 106 107 108 109 110 111 112 113 114 115 116","226.6 226.6 226.6 226.6 226.6 226.6 226.6 226.6 226.6 226.6 226.6 226.6 226.6 226.6 226.6 226.6 226.6 226.6 226.6 226.6 226.6 226.6 226.6 226.6 226.6 226.6 226.6 226.6 226.6 226.6 226.6 226.6 226.6 226.6 226.6 226.6"
Default-0-20220224-18:59:27-340979,vector,smartjunctionScenario.node[33].veinsmobility,posy,,,,"81 82 83 84 85 86 87 88 89 90 91 92 93 94 95 96 97 98 99 100 101 102 103 104 105 106 107 108 109 110 111 112 113 114 115 116","419.9 418.18952575601 414.89535178377 409.04681169973 401.26007517769 391.44376783289 379.92513879868 367.24272867795 353.60869580952 340.01019463216 327.10106178896 314.43168605288 301.01034642257 288.58855850831 276.01426240112 263.47714213098 250.79615651418 237.60837745653 224.51199254864 211.33121341715 197.86201435524 184.22000835539 172.80278040012 162.75322415371 151.74590704059 139.64127514648 130.13782792193 120.57515847713 110.91451362167 100.40677153775 89.946374893983 80.659701993672 69.739249614683 56.222805787917 42.608901182509 29.392052406767"
Default-0-20220224-18:59:27-340979,vector,smartjunctionScenario.node[32].veinsmobility,speed,,,,"82 83 84 85 86 87 88 89 90 91 92 93 94 95 96 97 98 99 100 101 102 103 104 105 106 107 108 109 110 111 112 113 114 115 116 117 118 119 120 121 122 123 124 125 126 127 128 129 130 131 132","2.1905622050166 4.7168176189065 6.9535862870282 8.3601059178822 10.116116701579 11.581716095368 10.623976225397 11.557913812474 10.967609075984 11.477473658408 10.676698945594 11.504670268358 10.797187618972 10.952132892181 10.528782826816 8.8241415165816 4.9519353622459 0.49247808222154 0.27555871997566 0.14133937851311 0.0021526579502457 0.0017166945920987 0 0 0 0.58008806643463 1.5188980591176 3.9494194349665 4.4711284193593 6.1808667303213 8.706731530131 4.206731530131 6.6168043065966 8.5392104717355 10.270575890542 11.642307397435 11.300174276406 10.80312598852 11.29701978589 11.103189739832 10.638893617122 11.41163689328 10.954631959475 10.716327628298 11.239362974223 11.201321083299 10.724386935696 10.576820054968 11.33035724579 11.158383742828 11.099359692741"
Default-0-20220224-18:59:27-340979,vector,smartjunctionScenario.node[33].veinsmobility,speed,,,,"82 83 84 85 86 87 88 89 90 91 92 93 94 95 96 97 98 99 100 101 102 103 104 105 106 107 108 109 110 111 112 113 114 115 116","1.7104742439929 3.2941739722388 5.8485400840407 7.7867365220329 9.8163073447999 11.518629034213 12.682410120729 13.634032868429 13.598501177363 12.909132843206 12.769375736078 13.42133963031 12.421787914259 12.574296107187 12.537120270145 12.680985616797 13.187779057652 13.096384907884 13.180779131499 13.469199061904 13.64200599985 11.417227955269 10.049556246418 11.007317113114 12.104631894112 9.5034472245524 9.6626694448018 9.6606448554542 10.507742083925 10.460396643764 9.2866729003104 10.920452378989 13.516443826766 13.613904605408 13.216848775742"
Default-0-20220224-18:59:27-340979,vector,smartjunctionScenario.node[34].veinsmobility,posx,,,,"86 87 88 89 90 91 92 93 94 95 96 97 98 99 100 101 102 103 104 105 106 107 108 109 110 111 112 113 114 115 116 117 118 119 120 121 122 123 124 125 126 127 128 129 130 131 132 133 134","30.1 32.370639391174 36.311373118614 42.455471863947 50.768717909232 60.879988223547 72.950041450746 86.309619006604 99.767093638393 113.59183407881 127.13462878441 141.09560541178 154.72615114928 166.4807624213 175.14094378461 179.30112514792 180.0522500163 180.139637049 180.180011221 180.19350232594 180.19367173777 180.19367173777 180.67214733604 181.96636940047 185.55777849351 189.50125689547 195.2895977124 203.35126839677 208.09762164188 214.68355150304 222.80112017081 233.32632280375 245.00153761934 255.90877532588 266.28073833686 277.34458674656 288.88807646178 299.93634868144 312.03045428886 322.67635955704 333.05953603892 344.74645282857 356.35552808228 366.84088829532 377.34291410709 388.28156317864 399.20791015237 410.4744919679 423.92421710529"
Default-0-20220224-18:59:27-340979,vector,smartjunctionScenario.node[34].veinsmobility,posy,,,,"86 87 88 89 90 91 92 93 94 95 96 97 98 99 100 101 102 103 104 105 106 107 108 109 110 111 112 113 114 115 116 117 118 119 120 121 122 123 124 125 126 127 128 129 130 131 132 133 134","226.6 226.6 226.6 226.6 226.6 226.6 226.6 226.6 226.6 226.6 226.6 226.6 226.6 226.6 226.6 226.6 226.6 226.6 226.6 226.6 226.6 226.6 226.6 226.6 226.6 226.6 226.6 226.6 226.6 226.6 226.6 226.6 226.6 226.6 226.6 226.6 226.6 226.6 226.6 226.6 226.6 226.6 226.6 226.6 226.6 226.6 226.6 226.6 226.6"
Default-0-20220224-18:59:27-340979,vector,smartjunctionScenario.node[35].veinsmobility,posx,,,,"86 87 88 89 90 91 92 93 94 95 96 97 98 99 100 101 102 103 104 105 106 107 108 109 110 111 112 113 114 115 116 117","226.6 226.6 226.6 226.6 226.6 226.6 226.6 226.6 226.6 226.6 226.6 226.6 226.6 226.6 226.6 226.6 226.6 226.6 226.6 226.6 226.6 226.6 226.6 226.6 226.6 226.6 226.6 226.6 226.6 226.6 226.6 226.6"
Default-0-20220224-18:59:27-340979,vector,smartjunctionScenario.node[35].veinsmobility,posy,,,,"86 87 88 89 90 91 92 93 94 95 96 97 98 99 100 101 102 103 104 105 106 107 108 109 110 111 112 113 114 115 116 117","419.9 418.38836811448 414.4453565896 408.58454831699 400.14720191536 390.15597204766 378.73421451475 365.09702605146 349.68042667956 335.11066443401 320.03518592118 304.99355592599 290.48405073922 275.52841625355 260.04660295807 245.3405863563 230.23481612041 214.97271445237 200.45886779975 185.99992080761 171.73106954866 156.44360834593 144.09331419514 133.40414812111 122.63503988946 111.63853422824 100.68007268286 91.433328025106 79.832284222139 66.260069551133 52.607456115016 39.611006580919"
Default-0-20220224-18:59:27-340979,vector,smartjunctionScenario.node[34].veinsmobility,speed,,,,"87 88 89 90 91 92 93 94 95 96 97 98 99 100 101 102 103 104 105 106 107 108 109 110 111 112 113 114 115 116 117 118 119 120 121 122 123 124 125 126 127 128 129 130 131 132 133 134","2.2706393911736 3.9407337274402 6.144098745333 8.3132460452849 10.111270314315 12.070053227199 13.359577555858 13.457474631789 13.824740440418 13.642794705598 13.960976627372 13.630545737498 11.754611272017 8.6601813633112 4.1601813633112 0.75112486838086 0.087387032695558 0.040374172004612 0.013491104944438 0.00016941182189591 0 0.47847559827319 1.294222064429 3.5914090930448 3.9434784019599 5.7883408169262 8.0616706843721 4.7463532451067 6.585929861159 8.117568667775 10.525202632935 11.67521481559 10.907237706545 10.371963010975 11.063848409699 11.543489715223 11.048272219661 12.094105607416 10.645905268185 10.483176481879 11.686916789653 11.609075253707 10.485360213036 10.502025811778 10.938649071546 10.926346973724 11.26658181554 13.449725137383"
Default-0-20220224-18:59:27-340979,vector,smartjunctionScenario.node[35].veinsmobility,speed,,,,"87 88 89 90 91 92 93 94 95 96 97 98 99 100 101 102 103 104 105 106 107 108 109 110 111 112 113 114 115 116 117","1.5116318855202 3.9430115248775 5.8608082726132 8.4373464016244 9.9912298677023 11.421757532912 13.637188463286 15.416599371902 14.569762245555 15.175478512829 15.041629995185 14.509505186778 14.955634485663 15.481813295477 14.706016601774 15.105770235894 15.262101668039 14.513846652618 14.458946992143 14.268851258944 15.287461202737 12.350294150782 10.689166074036 10.86910823165 10.996505661218 10.958461545382 9.2467446577515 11.601043802967 13.572214671006 13.652613436116 12.996449534097"
Default-0-20220224-18:59:27-340979,vector,smartjunctionScenario.node[36].veinsmobility,posx,,,,"91 92 93 94 95 96 97 98 99 100 101 102 103 104 105 106 107 108 109 110 111 112 113 114 115 116 117 118 119 120 121 122 123 124 125 126 127 128 129 130 131 132 133 134 135","30.1 32.656212363462 36.777662192518 42.602843566122 50.388625580026 60.659287691442 72.522384211654 86.820415104064 100.96651385338 114.35510871179 128.4243028976 142.80911708147 156.54851434886 165.78791161625 170.52730888364 171.91196882484 172.47141854669 172.62480504601 172.90149651923 174.32443286735 176.76557207041 180.97934693131 186.27477025218 193.16026166327 198.76459338713 205.13578661632 212.65099396748 217.20652964314 223.12835507034 230.93253157401 240.15726050995 251.09215110909 263.81278880333 277.579830966 291.05148395839 304.83756976993 318.01789678363 331.78154842392 344.23741289079 356.08423124966 366.95182752178 377.73379890175 389.57947612411 401.23585324421 414.27281203696"
Default-0-20220224-18:59:27-340979,vector,smartjunctionScenario.node[36].veinsmobility,posy,,,,"91 92 93 94 95 96 97 98 99 100 101 102 103 104 105 106 107 108 109 110 111 112 113 114 115 116 117 118 119 120 121 122 123 124 125 126 127 128 129 130 131 132 133 134 135","226.6 226.6 226.6 226.6 226.6 226.6 226.6 226.6 226.6 226.6 226.6 226.6 226.6 226.6 226.6 226.6 226.6 226.6 226.6 226.6 226.6 226.6 226.6 226.6 226.6 226.6 226.6 226.6 226.6 226.6 226.6 226.6 226.6 226.6 226.6 226.6 226.6 226.6 226.6 226.6 226.6 226.6 226.6 226.6 226.6"
Default-0-20220224-18:59:27-340979,vector,smartjunctionScenario.node[37].veinsmobility,posx,,,,"91 92 93 94 95 96 97 98 99 100 101 102 103 104 105 106 107 108 109 110 111 112 113 114 115 116 117 118 119 120 121 122 123 124 125 126 127 128 129 130 131 132 133 134 135 136 137 138 139 140 141 142 143","226.6 226.6 226.6 226.6 226.6 226.6 226.6 226.6 226.6 226.6 226.6 226.6 226.6 226.6 226.6 226.6 226.6 226.6 226.6 226.6 226.6 226.6 226.6 226.6 226.6 226.6 226.6 226.6 226.6 226.6 226.6 226.6 226.6 226.6 226.6 226.6 226.6 226.6 226.6 226.6 226.6 226.6 226.6 226.6 226.6 226.6 226.6 226.6 226.6 226.6 226.6 226.6 226.6"
Default-0-20220224-18:59:27-340979,vector,smartjunctionScenario.node[37].veinsmobility,posy,,,,"91 92 93 94 95 96 97 98 99 100 101 102 103 104 105 106 107 108 109 110 111 112 113 114 115 116 117 118 119 120 121 122 123 124 125 126 127 128 129 130 131 132 133 134 135 136 137 138 139 140 141 142 143","419.9 417.49600691309 413.29120647991 406.68251232628 398.0740700546 388.13997004961 376.06943149326 364.98246450724 353.02811304921 341.58827954678 329.92593427126 318.76721462504 312.00849497883 309.74977533262 309.74977533262 309.74977533262 309.74977533262 309.74977533262 309.74977533262 309.74977533262 309.74977533262 309.74977533262 309.74977533262 309.74977533262 309.74977533262 309.74977533262 309.74977533262 307.39648403316 303.38241497938 297.0981051904 289.46527178311 279.40489799986 268.21587269642 256.43950577313 244.3116745559 233.02433295132 222.08205306016 210.48724292386 199.46592274685 187.59318814284 176.17423215588 164.36717038197 152.74124537532 141.54615245591 130.53393670587 118.60904939248 106.42399348051 94.500503428743 82.550652195459 70.47003785473 59.200954283523 47.344291077462 35.413982410515"
Default-0-20220224-18:59:27-340979,vector,smartjunctionScenario.node[36].veinsmobility,speed,,,,"92 93 94 95 96 97 98 99 100 101 102 103 104 105 106 107 108 109 110 111 112 113 114 115 116 117 118 119 120 121 122 123 124 125 126 127 128 129 130 131 132 133 134 135","2.556212363462 4.1214498290559 5.8251813736046 7.7857820139034 10.270662111416 11.863096520212 14.29803089241 14.146098749314 13.388594858416 14.169194185801 14.384814183877 13.73939726739 9.2393972673899 4.7393972673899 1.3846599411941 0.55944972185752 0.15338649931625 0.27669147322254 1.4229363481212 2.4411392030589 4.2137748608948 5.295423320873 6.8854914110911 5.604331723856 6.3711932291924 7.5152073511591 4.5555356756652 5.9218254271996 7.8041765036628 9.2247289359438 10.93489059914 12.720637694244 13.767042162663 13.471652992393 13.786085811535 13.180327013704 13.863651640288 12.455864466873 11.846818358864 10.867596272124 10.781971379972 11.845677222361 11.656377120098 13.036958792752"
Default-0-20220224-18:59:27-340979,vector,smartjunctionScenario.node[37].veinsmobility,speed,,,,"92 93 94 95 96 97 98 99 100 101 102 103 104 105 106 107 108 109 110 111 112 113 114 115 116 117 118 119 120 121 122 123 124 125 126 127 128 129 130 131 132 133 134 135 136 137 138 139 140 141 142 143","2.4039930869127 4.2048004331766 6.6086941536283 8.6084422716871 9.9341000049841 12.070538556348 11.086966986028 11.954351458028 11.43983350243 11.662345275521 11.258719646214 6.7587196462139 2.2587196462139 0 0 0 0 0 0 0 0 0 0 0 0 0 2.3532912994502 4.0140690537868 6.2843097889796 7.6328334072838 10.060373783251 11.189025303447 11.776366923289 12.127831217232 11.287341604573 10.942279891162 11.594810136296 11.021320177014 11.872734604013 11.418955986952 11.807061773916 11.625925006653 11.195092919404 11.012215750041 12.024887313396 12.185055911965 11.923490051767 11.949851233284 12.080614340729 11.269083571206 11.856663206062 11.930308666947"
Default-0-20220224-18:59:27-340979,vector,smartjunctionScenario.node[38].veinsmobility,posx,,,,"96 97 98 99 100 101 102 103 104 105 106 107 108 109 110 111 112 113 114 115 116 117 118 119 120 121 122 123 124 125 126 127 128 129 130 131 132 133 134 135 136 137","30.1 31.481184656871 35.352698422875 41.214000426233 48.628005982772 58.530671152123 70.584738223581 83.392797749982 95.984863577069 107.94996921081 120.61577641137 133.01933491276 145.6322853117 155.42056756155 162.45149397337 165.6743649643 168.35616523366 172.11046197886 177.68647474314 185.07572157405 189.79484287971 195.70670105304 203.88766544611 208.87978150531 213.97592650776 220.67798751503 229.34905788178 239.73050566827 252.13512363506 265.08170159283 277.79155652421 289.97129888817 302.9657021186 316.05138655623 328.79398915779 341.33611672758 354.42606584754 366.85683266923 379.28133013843 391.15901606239 404.07751434117 416.53354741273"
Default-0-20220224-18:59:27-340979,vector,smartjunctionScenario.node[38].veinsmobility,posy,,,,"96 97 98 99 100 101 102 103 104 105 106 107 108 109 110 111 112 113 114 115 116 117 118 119 120 121 122 123 124 125 126 127 128 129 130 131 132 133 134 135 136 137","226.6 226.6 226.6 226.6 226.6 226.6 226.6 226.6 226.6 226.6 226.6 226.6 226.6 226.6 226.6 226.6 226.6 226.6 226.6 226.6 226.6 226.6 226.6 226.6 226.6 226.6 226.6 226.6 226.6 226.6 226.6 226.6 226.6 226.6 226.6 226.6 226.6 226.6 226.6 226.6 226.6 226.6"
Default-0-20220224-18:59:27-340979,vector,smartjunctionScenario.node[39].veinsmobility,posx,,,,"96 97 98 99 100 101 102 103 104 105 106 107 108 109 110 111 112 113 114 115 116 117 118 119 120 121 122 123 124 125 126 127 128 129 130 131 132 133 134 135 136 137 138 139 140 141 142 143 144 145 146 147","226.6 226.6 226.6 226.6 226.6 226.6 226.6 226.6 226.6 226.6 226.6 226.6 226.6 226.6 226.6 226.6 226.6 226.6 226.6 226.6 226.6 226.6 226.6 226.6 226.6 226.6 226.6 226.6 226.6 226.6 226.6 226.6 226.6 226.6 226.6 226.6 226.6 226.6 226.6 226.6 226.6 226.6 226.6 226.6 226.6 226.6 226.6 226.6 226.6 226.6 226.6 226.6"
Default-0-20220224-18:59:27-340979,vector,smartjunctionScenario.node[39].veinsmobility,posy,,,,"96 97 98 99 100 101 102 103 104 105 106 107 108 109 110 111 112 113 114 115 116 117 118 119 120 121 122 123 124 125 126 127 128 129 130 131 132 133 134 135 136 137 138 139 140 141 142 143 144 145 146 147","419.9 418.39657490596 415.19263903296 409.99034176564 403.37985020501 395.1216963724 384.26627319439 373.18213700145 362.37806012463 350.74677590591 339.82026084967 329.00034271752 321.54826621166 318.4961897058 317.6803708326 317.2679742467 317.25278902438 317.25111580635 317.25084201364 317.25084201364 317.25084201364 317.25084201364 317.25084201364 314.99257847915 311.48819101502 306.26404720141 298.44968068567 288.91749304516 278.28123056916 267.86609007697 257.30543841924 246.17387543497 234.50746113078 223.99828062847 212.53620498173 200.88091842146 190.44469202871 179.55741947778 169.03717020478 157.90116029012 147.49287605226 136.61827774731 125.4428485823 113.89428842276 102.66628606684 92.23349951058 81.169709999273 70.297809785415 59.107708128447 48.340861287737 37.140267971556 26.167202804358"
Default-0-20220224-18:59:27-340979,vector,smartjunctionScenario.node[38].veinsmobility,speed,,,,"97 98 99 100 101 102 103 104 105 106 107 108 109 110 111 112 113 114 115 116 117 118 119 120 121 122 123 124 125 126 127 128 129 130 131 132 133 134 135 136 137","1.3811846568715 3.8715137660038 5.8613020033576 7.4140055565396 9.9026651693508 12.054067071457 12.808059526402 12.592065827087 11.965105633744 12.665807200553 12.503558501395 12.61295039894 9.7882822498522 7.0309264118129 3.2228709909341 2.6818002693638 3.7542967451911 5.5760127642804 7.3892468309132 4.7191213056576 5.9118581733335 8.1809643930701 4.9921160591972 5.0961450024545 6.7020610072687 8.6710703667523 10.381447786492 12.404617966785 12.946577957765 12.709854931388 12.179742363961 12.994403230426 13.085684437634 12.842602601558 12.542127569792 13.089949119956 12.430766821685 12.424497469208 11.877685923954 12.918498278786 12.456033071553"
Default-0-20220224-18:59:27-340979,vector,smartjunctionScenario.node[39].veinsmobility,speed,,,,"97 98 99 100 101 102 103 104 105 106 107 108 109 110 111 112 113 114 115 116 117 118 119 120 121 122 123 124 125 126 127 128 129 130 131 132 133 134 135 136 137 138 139 140 141 142 143 144 145 146 147","1.5034250940429 3.2039358729962 5.2022972673178 6.6104915606324 8.2581538326107 10.855423178012 11.084136192941 10.804076876816 11.631284218722 10.926515056238 10.819918132153 7.552076505859 3.052076505859 0.81581887320225 0.41239658589754 0.015185222325091 0.0016732180268433 0.00027379270992432 0 0 0 0 2.258263534484 3.5043874641318 5.2241438136106 7.8143665157394 9.5321876405175 10.636262476 10.415140492188 10.560651657729 11.131562984268 11.666414304192 10.509180502313 11.462075646732 11.655286560276 10.436226392745 10.887272550932 10.520249272998 11.136009914659 10.408284237863 10.874598304949 11.175429165012 11.648560159535 11.228002355921 10.432786556262 11.063789511307 10.871900213857 11.190101656968 10.766846840711 11.200593316181 10.973065167198"
